name,year,gene,acc,sequence,length,subtype,HA
A/mallard/Ohio/17OS1912/2017,2017,HA,EPI1537264,Seq('atggaagcaaaactgtttgtactattctgtgcattcactgtactgaaagctgac...tag'),1701,H1N1,H1
"A/Chionis_albus/Fildes_Peninsula,_King_George_Island/42/2023",2023,HA,EPI3182102,Seq('agcaggggaaaatcaaatcaatcaaaatggaagcaaaactactcgtattgttct...ttg'),1763,H1N1,H1
A/Bean_Goose/Hubei/chenhu_VI51/2015,2015,HA,EPI1194815,Seq('aaatcaatcaagatggaagcaaaactactcgcattattctgcatgttcactgta...cac'),1744,H1N1,H1
A/mallard_duck/Ohio/15OS5305/2015,2015,HA,EPI953588,Seq('tcaaatcaaccaagatggaagcaaaactgtttgtactattctgtacattcactg...aaa'),1743,H1N1,H1
A/Gallus_gallus/Belgium/6486/2019,2019,HA,EPI1889045,Seq('tcatgaagaccattatcgctttaagctacgttttcagtctggccttcggtcagg...ttg'),1730,H3N1,H3
A/long-tailed_duck/Wisconsin/18OS3416/2018,2018,HA,EPI1791311,Seq('atgaagaccatcattgttctaagctatcttttctgtctggctctcagccaagat...tga'),1701,H3N1,H3
A/mallard/Ohio/181/1986,1986,HA,EPI60443,Seq('gttaatcatgaagaccatcatcattctaagctacttattctgtctggctttcag...tta'),1723,H3N1,H3
A/mallard/Interior_Alaska/9BM8474R0/2009,2009,HA,EPI437084,Seq('ggataattctattaatcatgaagaccatcattgtcctaagctatcttttctgtc...cac'),1740,H3N1,H3
A/cinnamon_teal/Idaho/23-028146-026-original/2023,2023,HA,EPI3358389,Seq('atgctatcaatcacgattctgttcctgctcatagcagaggtatcctcccagaac...tag'),1695,H4N6,H4
A/duck/Bangladesh/37516/2019,2019,HA,EPI1778047,Seq('ggaaacaatgctatcaattgtgattctgtttctgcttgttgcagagagttcttc...cac'),1713,H4N6,H4
A/spot_billed_duck/Korea/KNU-29/2022,2022,HA,EPI2873109,Seq('gcaggggaaacaatgctatcaattgtggttttgtttctgcttgttgcagagagc...cac'),1718,H4N6,H4
A/American_Green-Winged_Teal/Alaska/19TL00078/2019,2019,HA,EPI1894602,Seq('agcaaaagcaggggaaacaatgctatcaatcacgattctgttcctgcttatagc...act'),1738,H4N6,H4
A/duck/Bangladesh/17-D-2012/2022,2022,HA,EPI3359964,Seq('agcaaaagcaggggaaaatgattgcaatcattgtaatagcgatattggcagcag...act'),1744,H6N2,H6
A/Bean_goose/South_Korea/Q19-1628-4/2019,2019,HA,EPI3039195,Seq('atgattgcaatcattgtaatagctatattggcagcagccggaagatcagacaag...taa'),1701,H6N2,H6
A/wild_bird/Hubei/02.07_HHC269-1/2017,2017,HA,EPI1485798,Seq('ggaaaatgattgcaatcatcgtaatagcgatattggcagcagccgggaagtcag...cac'),1719,H6N2,H6
A/duck/Guangdong/3311/2018,2018,HA,EPI1805826,Seq('atgattgcattcatcataataacgatactggtaacaaccggaaagtcagacaaa...taa'),1701,H6N2,H6
A/chicken/Jalisco/CPA-02681-22/2022,2022,HA,EPI2256771,Seq('atgaacactcaaattttggcactcattgcttgcatgctgattggagctaaagga...tag'),1707,H7N3,H7
A/semipalmated_sandpiper/Delaware_Bay/246/2011,2011,HA,EPI1522961,Seq('atgaacactcaaatcttggcactcattgcttgtatgctgattggagctaaagga...taa'),1713,H7N3,H7
A/Northern_shoveler/Mississippi/16OS6107/2016,2016,HA,EPI1154371,Seq('ggatacaaaatgaacactcaaattttggcactcattgcttgtatgctgatcgga...cac'),1706,H7N3,H7
A/turkey/North_Carolina/20-008257-002/2020,2020,HA,EPI1775573,Seq('atgaacactcaaattttggcactcattgcttgcatgctgatcggagctaaagga...tag'),1683,H7N3,H7
A/chicken/Zhejiang/C11/2013,2013,HA,EPI532345,Seq('atggaagtagtatcactaataactatactactagtagcaacagtaagcaatgca...taa'),1683,H9N9,H9
A/chicken/Jiangxi/04.01_NCJD0123-O/2015,2015,HA,EPI665557,Seq('atggagacagtatcactaataactatactactagtagcaacagtaagcaatgca...taa'),1683,H9N9,H9
A/laughing_gull/Delaware/2971/1988,1988,HA,EPI344946,Seq('ggaatttcacaatcaaacaaaatggaaataacaacactagtagctatactgata...cac'),1717,H9N9,H9
A/American_black_duck/Maine/UGAI16-5487/2016,2016,HA,EPI1774838,Seq('atggaaacaacaacactagtagctatactgctaatggtaactgcaagcaatgca...taa'),1683,H9N9,H9
A/turkey/Wisconsin/1966,1966,HA,GQ247858.1,TTGCTGCACTGCTAATGGTAACAGCAGCCAATGCTGATAAAATCTGCATTGGCTATCAATCAACAAACTCCACCGAAACTGTCGACACACTAACAGAGAGCAATGTTCCTGTAACACACACTAAAGAATTGCTCCACACAGAACACAATGGGATGTTGTGTGCAACTGATCTAGGACATCCCCTCATTCTAGACACCTGCACTATTGAAGGACTAATCTATGGAAATCCTTCCTGTGACATACTACTAGGAGGAAAAGAATGGTCCTACATCGTTGAAAGGTCGTCAGCCGTCAATGGAATGTGTTACCCAGGGAATGTAGAGAACCTAGAAGAGCTTAGGTCACTTTTCAGTTCTGCAAAATCTTACAAAAGAATCCAAATCTTTCCAGATAAAACTTGGAATGTAACATACAGCGGAACAAGCAGAGCATGCTCAAATTCATTCTATAGGAGCATGAGATGGCTGACCCACAATAGTAATTCCTACCCTTTTCAGAACGCTCATTACACCAACAATGAGAGGGAGAACATTCTTTTCATGTGGGGCATACACCATCCACCTACCGACACAGAACAGACAGACTTATACAAGAAGGCCGATACAACAACAAGTGTGACAACAGAAGATATAAATCGCACTTTCAAACCAGTAATAGGGCCAAGGCCCCTTGTCAACGGCCAGCAGGGAAGAATCGATTACTATTGGTCTGTACTAAAACCTGGGCAGACTTTGAGAATAAGGTCCAATGGAAATCTAATTGCCCCTTGGTATGGACATGTTCTTACGGGAGAGAGCCATGGAAGAATCCTAAAGACTGATTTGAACAATGGTAATTGTGTGGTACAATGTCAGACTGAAAAAGGAGGACTCAATACAACCTTGCCATTTCACAATATTAGCAAATATGCATTTGGGAATTGTCCTAAGTATGTTGGAGTGAAAAGTCTCAAATTGGCAGTTGGTTTAAGGAATGTGCCTGCTGTATCTAGTAGAGGACTGTTCGGAGCAATAGCTGGGTTCATAGAGGGAGGTTGCCCAGGGCTAGTGGCCGGATGGTATGGTTTTCAACATTCAAACGATCAGGGAGTTGGGATGGCCGCAGACAAGGGATTTACCCAAAAAGCAATCGATAAAATAACATCAAAAGTGAACAACATAATCGATAAAATGAACAAGCAATATGAGGTCATTGATCATGAATTCAATGAGCTTGAGGCCAGGCTGAACATGATCAACAACAAAATTGATGATCAGATTCAAGACATTTGGGCTTATAATGCAGAGTTGCTGGTCTTGCTTGAAAACCAGAAAACTCTAGATGAGCATGATGCAAATGTGAACAACCTATACAACAAAGTGAAAAGAGCCTTGGGTTCCAATGCTGTAGAGGATGGAAACGGATGCTTTGAACTGTACCACAAATGTGATGATCAATGCATGGAAACAATCAGAAATGGAACCTACGACAGGCAGAAATACCAAGAAGAATCAAGATTAGAAAGGCAGAAAATAGAAGGGGTAAAGCTGGAATCTGAGGGCACTTACAAGATCCTCACCATTTATTCGACTGTCGCCTCATCTCTTGTGCTGCA,,H9N2,H9
A/BWT/LA/B156/88,1988,HA,EPI81620,atgctatcaatcacgattctgttcctgctcatagcagagggatcctctcagaattacacagggaatcctgtgatatgcctgggacaccatgctgtatccaatgggacaatggtgaaaaccttgactgacgaccaggtagaagttgtcactgcccaggaattagtggaatcgcaacacctaccggaattgtgtcctagccctttgagattagtagatggacaaacttgtgacatcgtcaatggtgctctgggaagcccaggctgtgatcatttgaatggtgcggaatgggatgtcttcatagagcgacccaccgctgtagacacttgttacccatttgatgtaccagattatcagagcctgcggagtatcttagcaaataacggaaaatttgagttcattgctgaggaatttcaatggaacacagtcaaacaaaatgggaaatctggggcatgcaaaagagcaaatgtgaatgatttcttcaacagactgaattggctgaccaaatctgatggaaatgcatacccactccaaaacctgacaaaagtcaacaacggggactacgcaagactttacatatggggagttcaccacccttcaactgacacagaacaaaccaatctatataagaacaaccctggtagagtgactgtctctacccaaaccagtcaaacaagtgtagtaccaaatattggcagtagaccatgggtgagaggccaaagcggcaggatcagcttctactggacaattgtagaaccaggagatctcatagtcttcaacactatagggaatttaattgctccgagaggccactacaaactcaacagtcaaaagaggagtacaattttgaatactgcagttcccataggatcttgtgttagcaaatgccacaccgacaggggttcaatctctacaactaaaccctttcaaaacatctcaagaatatcaatcggggactgtcccaagtatgtcaaacagggatctttgaaacttgctacgggaatgaggaacatccctgaaaaggcagccagaggtctatttggtgcaattg,,H4N6,H4
A/chicken/New Jersey/12220-1/97,1997,HA,AF218104.1,TGAATCCAGACTTTCCAGACACAATCTGGAATGTGACTTACAGTGGAACAAGCAACGCATGTTCGAATTCATTCTACAGGAGTATGAGATGGTTGACTCACAAGAGCAATTCTTACCCCTTTCAAGACGCCCAATACACCAACAATGAGGGGAGGAATATTCTATTCATGTGGGGCATACACCATCCACCTACTGATACCGAACAGACAAACTTATACAAAAAGGCTGATACAACAACAAGTGTGACAACAGAAGATATAAACCGGACTTTCAAGCCAGTGATAGGGCCAAGGCCACATGTCAATGGACAGCAAGGGAGAATTGACTACTATTGGTCAGTATTAAAACCAGGTCAAACGTTGCGAGTGAGATCCAATGGGAATCTAATTGCCCCATGGTATGGCCACATTCTCTCAGGAAAAAGCCATGGAAGAATCTTGAAGACTGATTTGAGCAGTGGCGACTGCGTAGTGCAATGCCAGACTGAGAAAGGTGGTCTAAATACGACCTTGCCCTTTCACAATGTCAGCAAATACGCATTTGGGAATTGCCCCAAGTACGTTGGAGTAAAGAGTCTCAAACTGGCAACCGGGTTAAGGAATGTACCTGCTGTATCAGATAGA,,H9N2,H9
A/Mallard/MN/263/99,1999,HA,EPI81602,atgctatcaatcacgattctgtttctgctcatagcagaggtattctctcagaactacacaggaaatcctgttatatgtctgggacaccatgctgtacccaatggaacaatggtgaaaaccttaactgatgaccaaatagaagtcgtcactgcccaggaattagtggaatcgcaacatctaccggagttgtgtcctagccctttgagattagtagatggccaaacttgtgacatcgtcaatggtgctctggggagcccaggctgtgatcacttgaatggtgcagaatgggatgtcttcgtagagcgacccactgctgtggacacttgttatccatttgatgtgccagattaccagagcctacggagtatcttggcaaacaatgggaaatttgagttcattgcagaggaattccaatggaacacagtcaagcagaatgggaaatccggagcatgcaaaagagcaaatgtgaacgactttttcaacagactgaactggctaaccaaatctgatggaaatgcatacccactccaaaacctgacaaaggtcaacaatggggactatgcaagactttacatatggggagttcaccatccttcaactgacacagaacaaaccaacttatataagaacaaccctggaagagtgaccgtttctaccaaaactagtcaaacaagtgtggtaccaaatattggcagcagaccatgggtgagaggccaaagcggtaggatcagcttctattggacaattgtagaaccaggaaatctcatagttttcaacaccatagggaatttaatcgctccaaggggccattacaaactcaacagtcaaaagaagagcacaattctgaatactgcagttcctataggatcctgcgttagtaagtgccacaccgacaggggttcaatcactacaactaaaccctttcaaaacatctcgagaatatcaatcggggactgtcctaagtatgtcaaacaggggtctttgaaactggctacagggatgaggaacatccctgagaaggcaaccagaggtctgtttggtgcaattg,,H4N9,H4
A/RT/DE/1044/02,2002,HA,MN037498,agcaaaagcaggggaatttcacaatcaaccaagatggaggcaacaatactaataactatactattagtggtaacaacaagcaacgcagataaaatttgcatcggttaccagtcaacaaactccacggaaaccgttgatacgctaatagagaccaatgtccctgtgacacacaccaaagaattgctccacacagagcacaatggaatgctgtgtgcaacaaatttggggcatcctctcattctagacacttgcactatcgaaggactggtctatggcaatccttcctgtgatctgctattgggagggaaagaatggtcctacattgtcgaaaggtcgtcagctataaatggaatgtgttaccctgggaatgtggagaacctagaggaacttagatcttttttcagttccgtcaattcctatcaaaggatccagatctttccagacaaaatctggaatgtgacttacagtggaacaagcaaagcatgttcgaacacattctacaggagtatgagatggctgactcacaagggcaatgcttaccctgttcaagacgcccaatatacaaataatgaggggaagaatattctcttcatgtggggcatacaccacccacctactgatactgaacagacagatttatacaaaaagactgacacaacaacaagtgtgacaacagaggatataaatagaactttcaaaccagtgatagggccaaggccccttgtcaatggtcagcaggggagaattgattattattggtcaatactaaaaccgggtcagacattgcgagtgaggtctaatggaaatctaatcgccccatggtatggacacatcctttcaggagagagccatggaagaatcctgaagactgatttgaacagtggcaattgcatagtgcaatgccaaaccgaaaaaggaggcttaaatacgactttgccatttcacaatatcagtaaatatgcatttgggaactgccccaaatacgttggggtaaagagtctcaaattggcagtcggtctgaggaatgtacctgctgcatcagatagaggactatttggtgctatagcaggattcatagaaggaggttggccaggactagttgctggctggtatggtttccagcattcaaatgatcaaggagtcggaatggcggcagacagggaatcaacccaagaggcagttgacaaaataacatctaaggtgaataatataatcgataaaatgaacaaacagtatgaaatcattgatcatgagttcagtgaaattgaagccagactaaatatgatcaataataagatagatgaccaaatacaggacatctgggcatacaatgcggaattgctagtactgcttgaaaatcagaaaacactcgatgagcatgatgcgaatgtgaacaatctatataataaggtgaagagggcactaggttctaatgcggtggaagatggaaatgggtgtttcgaattgtaccacaaatgtgatgatcaatgcatggagacaattaggaacgggacctacgataagcagaagtaccaagaagaatcaaaattagaaaagcagaaaattgaaggagtaaagctggaatctgatggaacttacaaaatcctcaccatttattcgactgtcgcctcatctctcgtgcttgcaatggggtttgctgccttcttgttctgggccatgtccaatggatcttgcagatgcaacatttgtatataattagcaaaaacacccttgtttctact,,H9N9,H9
A/CK/AL/75,1975,HA,EPI242188,agcaaaagcaggggaacaatgctatcaatcacgattctgtttctgctcatagcagagggctcctctcagaattacacagggaatcctgtgatatgcctgggacatcatgctgtatccaatgggacaatggtgaaaaccttgactgatgaccaagtagaagttgtcactgcccaggaattagtggaatcgcaacatctaccggaattgtgtcctagcccgttaagattagtagatgggcaaacttgtgacatcgtcaatggtgctctggggagcccaggctgtaatcacttgaatggtgcagaatgggatgtcttcatagagcgacccaccgctgtggacacttgttatccatttgatgtgccagattaccagagcctacggagtatcttagcaaacaatgggaaatttgagttcattgttgagaaattccaatggaacacagtcaagcagaatgggaaatccggagcatgcaaaagagcaaatgagaatgactttttcaccaacctgaactggctgaccaaatctgatgggaatgcatacccactccaaaacctgacaaaggtcaacaacggggactacgcaagactttacatatggggagttcaccatccttcaactgacacagaacaaaccaacttatatgagaacaaccctggaagagtgactgtctctaccaaaaccagtcaaacaagtgtggtaccaaatattggcagtagaccatgggtgagaggccaaagcggcaggatcagcttctattggacaattgtagaaccaggagatatcatagtcttcaacaccatagggaatttaatcgctccgagaggccattacaaactcaacagccaaaagaagagcacaattctgaatactgcagttcctataggatcctgcgttagtaaatgccacaccgacaggggttcaatcactacaactaaaccctttcaaaacatctcgagaatatcaatcggggactgtcccaagtatgtcaaacagggatccttgaaactagctacaggaatgaggaacatccctgagaaggcaaccagaggtctatttggtgcaattgctggctttatagagaatggctggcaaggtctaatcgatggttggtatgggtttaggcaccagaatgcagaagggacaggaacagctgcagatctcaagtcgactcaggcagctattgatcaaattaatggaaaattgaatcgtctcattgagaaaacaaatgagaaataccaccaaattgaaaaggaatttgaacaagtagagggaagaatccaagacttagagaagtatgttgaagacacaaagattgacctgtggtcttacaatgctgaattattggtggcattagaaaatcaacatactatagatgtaacagactccgaaatggacaaactctttgaaagagttaggcgccaactaagagagaatgccgaggacaaaggaaatggatgttttgaaattttccaccagtgtgacaacaactgcattgaaagcataaggaacgggacatatgaccatgatatttacagagacgaagcaatcaataacagattccagatacaaggagttaaattgactcaaggatacaaggacatcattctctggatttccttttccatatcatgcttcttgctcgttgcactacttttagcctttattttgtgggcttgtcagaatggaaacatccggtgccagatttgcatttaaagaaaaaacacccttgtttctact,,H4N8,H4
A/Chicken/NJ/12220/97,1997,HA,EPI6713,tgaatccagactttccagacacaatctggaatgtgacttacagtggaacaagcaacgcatgttcgaattcattctacaggagtatgagatggttgactcacaagagcaattcttacccctttcaagacgcccaatacaccaacaatgaggggaggaatattctattcatgtggggcatacaccatccacctactgataccgaacagacaaacttatacaaaaaggctgatacaacaacaagtgtgacaacagaagatataaaccggactttcaagccagtgatagggccaaggccacatgtcaatggacagcaagggagaattgactactattggtcagtattaaaaccaggtcaaacgttgcgagtgagatccaatgggaatctaattgccccatggtatggccacattctctcaggaaaaagccatggaagaatcttgaagactgatttgagcagtggcgactgcgtagtgcaatgccagactgagaaaggtggtctaaatacgaccttgccctttcacaatgtcagcaaatacgcatttgggaattgccccaagtacgttggagtaaagagtctcaaactggcaaccgggttaaggaatgtacctgctgtatcagataga,,H9N2,H9
A/TKY/CA/358533/05,2005,HA,EPI159707,ggaaacaatgctatcaatcacgattctgtttctgctcatagcagagggctcctctcagaattacacagggaatcctgtgatatgcctgggacatcatgccgtatccaatgggacaatggtgaaaaccctgactgatgaccaagtagaagttgtcactgcccaagaattagtggaatcgcaacatctaccggagttgtgtcctagccctttaaaattagtagatggacaaacttgtgacatcgtcaatggtgccttggggagtccaggctgtgatcacttgaatggcgcggaatgggatgtcttcatagagcgacccactgctgtggacacttgttatccatttgatgtgccggattaccagagcctacggagtatcctagcaaacaatgggaaatttgagttcatcgctgaggaattccagtggaacacggtcaaacaaaatggaaaatccggggcatgcaaaagagcaaatgtgaatgactttttcaacaggctgaactggctgaccaaatccaatgggaatgcgtatccacttcaaaacctgacaaaggtcaacaacggggattatgcaaggctttacatatggggagttcatcatccttcaactgacacagaacaaaccaacttgtataagaacaaccctgggagagtaactgtttccaccaaaaccagtcaaacaagtgtggtaccaaatttcggcagtagaccattggtgagaggccaaagcggcaggattagcttctattggacaattgtggagcctggagatctcatagtcttcaacaccataggaaatttaattgccccaagaggtcattacaagcttaacagtcaaaagaaaagcaccattctgaatactgcaattcccataggatcttgtgttagtaaatgtcacacagacaggggttcaatctccacaactaaaccctttcagaacatctcgagaatatcaatcggggactgccccaagtatgtcaaacagggatccttgaaactagctacaggaatgaggaacatccctgagaaagcaaccagaggtctgtttggtgcaattgctggctttatagaaaatggctggcaaggtctaatcgatggttggtatgggtttaggcaccagaatgctgaaggaacaggaacagctgctgatctcaagtctacccaagcagctatcgatcaaattaatggaaaattgaatcgtctcattgagaaaacaaatgagaaataccaccaaattgaaaaggaatttgaacaagtggagggaagaattcaagacttggagaggtatgttgaagacacaaagattgacctgtggtcttacaatgctgaattattggtggcattggaaaaccaacatactatagatgtgacagactccgaaatgaacaaactctttgaaagagttaggcgccaactacgagagaatgcagaggacaaaggaaacgggtgttttgaaattttccatcagtgtgacaacaattgcattgaaagcataagaaacgggaaatatgaccatgatatttacagagacgaagcaatcaacaacagattccagatacaaggagtcaaattgatccaaggatacaaggatatcattctctggatttctttttccatatcatgcttcttgctcgttgcactacttttagcctttattttgtgggcttgtcagaatggaaacatccggtgccagatttgcatttaaagaaaaaaacac,,H4N8,H4
