name,year,gene,acc,sequence,length,subtype,HA,CriadosLab
A/American_Green-Winged_Teal/Alaska/19TL00078/2019,2019,HA,EPI1894602,agcaaaagcaggggaaacaatgctatcaatcacgattctgttcctgcttatagcagaagtatcctcccagaactacacaggaaatcctgtgatatgtctgggacaccatgctgtatctaacgggacaatggtgaaaaccttaactgatgaccaaatagaggttgtcactgcccaggaattagtggaatcgcaacatctaccggagttgtgtcctagccctttgagattagtagatggccaaacttgtgacatcgtcaatggtgctctggggagcccaggctgtgatcacttgaatggtgcagaatgggatgtcttcatagagagacccactgctgtggacacttgttacccatttgatgtaccagattaccagagtctacggagtatcttagcaaacaatgggaaatttgaattcatcgcagaggaattccaatggaacacagtcaagcagaatgggaaatcaggggcatgtaaaagagcaaatgtgaatgactttttcaacagactgaactggttaactaaatctgaagggaatgcatacccactccaaaacctgacaaaggtcaacaatggggactatgcaaggctttacatatggggagttcaccatccttcaactgacacagaacaaaccaacttatataagaacaaccctgggagagtgaccgtctctacccaaactagtcaaacaagtgtggtgccaaatattggcagtagaccctgggtaagaggccaaagcggtaggatcagcttttattggacaattgtagaaccaggagatctcatagtcttcaacaccatagggaatttaatcgctccaaggggccattacaagctcaacagccaaaagaagagcacaatcctgaatactgcagttcctataggatcctgcgttagtaagtgccacaccgacaggggttcaatcactagcactaaaccctttcagaacatttcaagaatatcaatcggggactgtcccaaatatgtcaaacaggggtctttgaaactagctacagggatgaggaatatccctgagaaggcaaccagaggtctgtttggtgcaattgctggctttatagagaatggctggcaaggtttaattgatgggtggtatgggtttaggcaccaaaatgcagaagggacagggacagctgcagatctcaagtcgacccaggcagctattgaccaaatcaatgggaagttgaatcgtctcattgagaagacaaatgagaaataccaccaaattgagaaggaatttgaacaagtagaaggaagaatccaagacttggagaagtatgttgaagacacaaagattgacctatggtcttacaatgctgaactgttggtggcattagaaaatcaacatactatagatgtgacagactccgaaatgaacaaactcttcgaaagagttagacgccaactaagagagaatgctgaggacaaaggaaatggatgtttcgaaattttccaccagtgtgacaacaactgcatcgaaagcataagaaatggaacatatgaccatgatatttacagagacgaggcaatcaataacagattccagatacaaggggttaaattgactcaaggatacaaggacatcattctctggatttccttttccatatcatgctttttactcgttgcactacttttagccttcattttgtgggcttgtcagaatggaaacatccggtgtcagatttgcatttagagaaaaaacacccttgtttctact,1738,H4N6,H4,No
A/Bean_goose/South_Korea/Q19-1628-4/2019,2019,HA,EPI3039195,atgattgcaatcattgtaatagctatattggcagcagccggaagatcagacaagatctgcattggatatcatgccaacaattcaacaacacaagtggatactatacttgagaagaatgtcactgtcacacactcagttgaactgctagagaaccagaaagaagaaagattctgcaagatcttaaacaaggcccctctagacctaagaggatgcaccatagagggttggatcctggggaatcctcaatgcgacctactgctcggtgatcaaagctggtcatatatagtagaaaggcctactgctcaaaatgggatttgctacccaggagctttgagcgaagtagaagagttgaaggcacttattggatcaggagaaagggtagagaggtttgagatgtttcccaaaagtacatggacaggagtagacaccagtagtgggataacaaaggcttgcccttataatagtggttcatctttctatagaaacctcttgtggataataaagaccaagtcagcagaatatccagtaattaaaggaacttacagtaacactggaacccagccaatcctttatttctggggtgtgcaccatccgcctgacaccaatgagcaaaataccctatatggctctggtgataggtacgttagaatggggactgaaagcatgaattttgccaagagtccggaaattgctgcaagacctgctgtgaacggtcaaagaggcagaattgattattactggtctgttttaaaaccaggagagaccttgaatgtcgagtctaatggaaatctaattgccccttggtatgcatacaaatttgtcagtacaaataataaaggagccgtattcaagtcaaatttaccaatcgaggactgtgatgccacatgccagactattgcaggggtcctaaggaccaataaaacatttcagaatgtgagtcctctgtggataggagaatgccccaaatatgtgaaaagtgaaagtttgaggcttgcaactggattgagaaatgttccgcagattgagactagagggctctttggagctattgcgggatttattgaaggaggatggactgggatgatagatggctggtatggctatcaccatgaaaattctcaaggctcaggatatgcagcagacaaagaaagcactcaaaaggctatagacggaatcacaaacaaagtcaattccatcattgacaaaatgaacacacaatttgaggctgttgaccacgaattttcaaatctggagagaagaattgacaatctgaacaaaagaatggaagacgggtttctggatgtttggacatacaatgctgaactgctggttcttcttgaaaacgaaaggacactggacctgcatgatgcgaatgtaaagaacctatatgaaaaagtcaaatcgcaattaagggacaatgctaatgatctaggaaatgggtgctttgaattctggcatagatgtgacaatgagtgcatagagtctgtcaaaaatggtacatatgactatcccaaataccaggacgagagcaaattgaacaggcaagaaatagaatcggtaaaactagaaaatcttggtgtgtatcaaattcttgctatttatagtacggtatcgagcagtctggtcttggtagggctgatcatagcattaggtctttggatgtgttcaaatggttcaatgcaatgcaggatatgtatataa,1701,H6N2,H6,No
A/chicken/Jalisco/CPA-02681-22/2022,2022,HA,EPI2256771,atgaacactcaaattttggcactcattgcttgcatgctgattggagctaaaggagacaagatatgccttgggcaccatgctgtggcaaatggaacaaaagtgaacacattaacagagaggggaatcgaagtagtaaatgccacagaaacggtggagactgcaaatactaggaaaatatgcactcagaggaaaaaaccaatagatctgaaacaatgcggactcctaggaaccctggtaggacctccccaatgtgatcaatttctggagtttgaagctgatctaataattgaacgaagagcaggaaccgatttgtgttatcccggaaaattcacaaacgaagaatcactgaggcaaatccttcgaaaatcaggaggaattgataaagagtcaatgggtttcacctatagtgggataaggaccaatggaacgtcaaatgcttgcaaaaggctcaagtcttctttctacactgagatgaaatggttactgtcgacttcagacaatgtgactttccccaacatgaatctatcgtacacaaatcctaaaaacaaaccagcattaataatttggggagtgcatcattctggatcggctactgaacaaactaaactatacggaagtggggacaagttgataacagtaggaagttcaaaatacctgcagtcattcatcccgatcccgggcccacgaccaaaggtgaatgggcaatcaggaaggattgacttccattggttgctccttgatcctaatgacacagttaccttcactttcaatggggcattcatagctcctgatagggcaagtttctttaaaggagagtcaataggaattcagagtgatgttcctttggattttggttgtgagggggattgcttccacaatggaggtacgatagtgagttccctaccattccagaacatcaatcctagaacagttgggaaatgccctcgatatgtcaaacaaaagagcctccttttggctacagggatgaggaatgtcccagagaatcccaagagtaggaagagccgacatcgaaagaccagaggcctttttggagcgattgctggtttcatagagaatggatgggagggtctcattgatggatggtatggctttagacaccaaaatgcacaaggggaaggaactgcagctgattacaaaagcactcaatctgcgataaatcagattacaggcaaattgaatcgtctaattgacaaaacaaatcagcagtttgagctgatagataacgaattcagtgaaatagaacaacaaattgggaatgtcattaactggacacgagattcaatgactgaagtatggtcgtacaatgctgaattgctgatatctatggaaaatcagcacacaatagatcttgcagactcagaaatgaacaaactttatgagcgtgtaaggaaacaacttagggagaatgctgaagaggatgggactggatgctttgaaatatttcataagtgtgatgatcagtgcatggagagcatcaggaacaacacttatgaccatactcaatacagagcggaatcattgcagaataggatacagatagaaccagtgaaattgagtagtggatacaaagacataatcttatggtttagcttcggggcatcatgttttcttcttctagccattgcaatggggttggttttcatttgcataaagaatggaaacatgcggtgcactatttgtatatag,1707,H7N3,H7,No
A/cinnamon_teal/Idaho/23-028146-026-original/2023,2023,HA,EPI3358389,atgctatcaatcacgattctgttcctgctcatagcagaggtatcctcccagaactacacaggaaatcctgtgatatgtctaggacatcatgctgtgcctaatgggacaatggtgaaaaccttaactgatgaccaaatagaggttgtcactgcccaggaattagtggagtcgcaacatctaccggaattgtgtcctagccctttgagattagtagatggccaaacttgtgacatcgtcaatggtgctcttggaagcccgggctgtgatcacttaaatggtgcagaatgggatgtcttcatagagcgacccactgctgtggacacttgttacccatttgatgtgccagattaccagagcctacggagtatcttagcaaacaatgggaagtttgagttcatcgcagaggaatttcaatggaacacagtcaagcagaatgggaaatcaggagcatgtaaaagagcaaatgtgaatgactttttcaacagactgaactggctaactaaatctgatgggaatgcatatccactccaaaacctgacaaaggtcaacaatggagactatgcaaggctttacatatggggagttcaccatccttcaactgacacagaacaaaccaacttatataagaacaatcctggaagggtaaccgtctctactcaaactagtcaaacaagtgtggtgccaaatatcggcagtagaccatgggtgagaggtcaaagcggtaggatcagcttctattggacaattgtggaaccaggagatctcatagttttcaataccatagggaatttaatcgctccaagaggccactacaaactcaacagccaaaagaagagcacaattctgaacactgcagttcctataggatcctgcgttagtaagtgccacaccgacaggggttcaatcactaccactaaaccttttcagaacatctcgagaatatcaatcggggactgtcccaagtatgtcaaacaggggtctttgaaactggctacaggaatgaggaacatcccagagaaggcaaccagaggcctgtttggtgcaattgctggctttatagaaaatggctggcaagggttaattgatggatggtatgggtttaggcaccagaatgcagaagggacagggacggctgcagatcttaagtcgactcaggcagctattgaccaaatcaatgggaaattgaatcgtctcattgagaagacaaatgagaaataccaccaaattgagaaggaatttgaacaagtagaaggaagaatccaagacttggagaagtatgttgaagacacaaagattgacctgtggtcttacaatgccgagttactggtggcactagaaaaccaacatactatagatgtgacggactctgaaatgaacaaactctttgaaagagtcaggcgccaactaagagagaatgctgaggacaaaggaaatggatgttttgaaatttttcaccagtgtgacaacaactgcattgaaagcataagaaatggaacatatgaccatgatatttacagagacgaggcaatcaataacagattccagatacaaggagtaaaattgactcaaggatacaaggacatcattctctggatttccttttccatatcatgctttttactcgttgcactacttttagcctttattttgtgggcttgtcagaatggaaacatccggtgtcagatttgcatttag,1695,H4N6,H4,No
A/duck/Anhui/FA258/2013,2013,HA,EPI703456,atggaagcgaaactactcgtattattctgcatgttcactgcattaaaagccgacaccatctgtataggctaccatgcaaacaattctacggacactgttgacacagtgctagagaagaatgtaactgtgacccactcagttaatttactcgaagataaccataatgggaaactctgcaacctgaacggaatagccccattacaactagggaagtgcaacgtggcggggtggctcctcggcaacccagaatgtgacctgttgctcactgcgagttcatggtcctatataatagaaacttcgaattcagaaaatggaacatgctaccccggagaattcatcgactatgaagaattgcgtgaacaactaagctcagtgtcttcatttgagaaatttgagattttcccgaaggcaaactcgtggccaaatcatgaaacaaccaaaggcgtcacagctgcatgctcttactctggggctagcagtttttaccgaaacttgctgtggataacaaagaagggaacttcctatcctaaactcagtaaatcatacacaaacaacaaaggaaaagaagtacttgtactttggggagtgcaccaccccccaactacaaatgaacagcagaccctctatcaaaatactgatgcatatgtttcagttggatcatcaaagtataaccgaagattcacacctgaaatagctgccagacctaaagtcagagggcaagcgggtaggatgaattattattggacactattggatcagggagacacaataacgtttgaagcaactggaaacttaatagcaccatggtatgcattcgcactaaataagggctctgattctggtattataacatcagatgccccagttcataattgtgacacaaagtgccagactcctcatggtgccattaacagtagtctccctttccagaatgtgcatcccatcaccattggagaatgccctaaatatgtgaaaagcaccaaactaaggatggcaacaggcctgagaaacattccttccattcaatcgagaggactcttcggagcaattgctgggttcattgaagggggatggacaggaatgatagatgggtggtatgggtatcatcatcagaatgagcaagggtctggttatgcagctgatcagaagagcacacaaaatgcaatcgacggaataaccaacaaggtgaattcagtaattgagaaaatgaacacccaattcactgcagtgggtaaggaatttaacaatctggaaaggagaattgagaatctgaataagaaggttgatgacggattcctggatgtttggacatacaatgcagaattgctcgttctgcttgagaacgaaaggaccttggatttccatgactccaatgtgaggaacctgtatgagaaggtcaaatcacagctgaggaataatgccaaagaaattgggaatgggtgctttgagttctatcacaaatgtgatgatgaatgcatggagagcgtgagaaacggcacatacgactatcctaagtactcagaggagtccaaactgaacagagaagaaatagacggggtgaagttggaatcaatgggggtttaccagattttggcgatctactccacagtcgccagttctctggtcttgttagtctccctgggggcaatcagtttctggatgtgttctaatggatcattgcaatgcagaatatgcatttag,1701,H1N3,H1,No
A/duck/Bangladesh/17-D-2012/2022,2022,HA,EPI3359964,agcaaaagcaggggaaaatgattgcaatcattgtaatagcgatattggcagcagccggaagatcagacaagatctgcattggatatcatgccaacaattcaacaacacaagtggacactatacttgagaagaatgtcactgtcacacactcagttgaattgctagagaaccagaaggaagaaagattctgcaaaatcttaaacaaggcccctctagacctaagaggatgcaccatagagggttggatcctggggaatcctcaatgcgacctactgcttggtgatcaaagctggtcatatatagtagaaaggcctactgctcaaaatgggatttgctacccaggagctttgagcgaagtagaagagttgaaggcacttattggatcaggagaaagggtagagagatttgagatgtttcccaaaagtacatggacaggagtagacaccagtagtggggtaacaaaggcttgcccttataatagtggttcatctttctatagaaacctcttgtggataataaagaccaagtcagcagcatatccaataattaaaggaacttacaacaacactggaaaccagccaatcctttatttctggggtgtgcaccatccacctgacaccaatgagcaaaataccctatatggctctggtgataggtacgttagaatggggactgaaagcatgaattttgccaagagtccggaaattgctgcaagacctgctgtgaacggtcaaagaggcagaattgattattactggtctgttttaaaaccaggagagaccttgaatgtcgaatctaatggaaatctaattgccccttggtatgcatacaaatttgtcagcacaaataataaaggagccgtattcaagtcaaatttaccaatcgagaactgtgatgccacatgccagactattgcaggagtcctaaggaccaataaaacatttcagaatgtgagtcctctgtggataggagaatgccccaaatatgtgaaaagtgaaagtttgaggcttgcaactggattgagaaatgttccgcagattgagactagaggactctttggagctatcgcgggatttattgaaggaggatggactgggatgatagatgggtggtatggctatcatcatgaaaattctcaaggatcaggatatgcagcagacaaagaaagcactcaaagggctatagacgggattacaaataaagtcaattccatcattgataaaatgaacacacaatttgaagctgttgaccatgaattctcaaatctggaaagaagaattgataatctgaacaaaagaatggaagatgggtttctggatgtttggacatacaatgctgaactgctggttcttcttgaaaacgaaaggacactagacctgcatgatgctaatgtaaagaatttatatgagaaagtcaaatcgcaattaagggacaacgctaatgatctaggaaatgggtgctttgaattctggcataaatgtgacaatgagtgcatggaatctgtcaaaaatggtacttatgactatcccaaataccaggatgagagcaagttgaacaggcaggaaatagaatcagtaaagctagaaaatcttggtgtgtatcaaattcttgctatttatagtacggtatcgagcagtctggtattggtagggctgatcataggaataggtctttggatgtgttcaaatggctcaatgcaatgcaggatatgtatataataaagaaaaacacccttgtttctact,1744,H6N2,H6,No
A/duck/Bangladesh/37516/2019,2019,HA,EPI1778047,ggaaacaatgctatcaattgtgattctgtttctgcttgttgcagagagttcttctcagaactacacaggaaaccctgtgatatgcatgggacatcatgctgtggctaatggaactatggtaaaaaccctcactgatgatcaagtggaagtggtcactgcacaagaactggtggaatcccagaacctcccggaactatgcccgagtcctctaagactagtcgatggccagacctgtgatatcatcaatggagccttgggaagcccaggatgcgaccatttgaatggtgctgaatgggacattttcatagaaaggcccaatgcagtgggcacttgctatccatttgatgtgccagattatcagagcctaagaagcatactcgccaataatgggaaattcgaattcattgctgaagaattccaatggagcaccgtgaagcaaaatggcaaatccggagcctgcaagagggcaaatgtaaacgatttctttaataggctgaattggctcgtgaagtcagacgggaatgcgtaccctctccagaacttaacaaaagtaaacaacggtgattatgcgaggctttacatctggggagttcatcatccttcaacagataccgagcaaaccgacctatacaagaacaatcctggtagggtcactgtatctaccaaaactagtcaaacaagtgttgtgcccaacattggcagcagaccttgggtgagagggcaaagtggcagaattagtttctattggactattgtagagcctggggatttgatagtcttcaacacgataggaaatttaattgccccaagaggacattacaaactaaacaatcagaagaagagcacaattctgaacactgcaactcccataggctcctgtgtcagtaagtgtcacacagacaaaggttccctctctaccacaaagcccttccaaaatatctcaaggatagcaattggagactgtcctaaatatgtcaaacaaggctccctaaagcttgcaactgggatgagaaatatccctgaaaaggcatcaagagggctttttggagcaatagctgggtttatagagaatggatggcaaggtctgattgatggttggtatggcttcaggcaccaaaatgcagaaggaacagggacagctgctgatctaaaatctactcaggcagccattgatcagatcaatggaaaactcaatcgtctcattgagaagacaaacgagaaatatcatcaaatcgaaaaagaattcgaacaagttgaaggaagaatccaagacctggagaagtatgttgaagacacaaaaattgatctatggtcatataatgcagagctattagtcgctctggaaaaccaacatactatagatgtgacggactcagagatgaacaagctctttgaaagagtaaggcgacaactcagagagaatgctgaagataaaggaaacgggtgctttgaaatattccacaaatgtgacaacaattgcattgaaagcattcgaaatggaacctacgatcatgatatttatagagatgaagcgatcaacaatcggttccaaatacagggagtcaaattgacccagggatacaaggacatcatcctctggatctcgttctccatatcatgctttttgctcgtagcactgctcttggccttcgttttgtgggcttgtcagaacggaaacatccggtgccagatttgcatttgaagaaaaaacac,1713,H4N6,H4,No
A/duck/Guangdong/3311/2018,2018,HA,EPI1805826,atgattgcattcatcataataacgatactggtaacaaccggaaagtcagacaaaatatgcatcgggtatcatgccaacaattcaacaacgaaggtagatacaatacttgagaagaatgtaactgtcacgcactcagttgaactgctggaaaatcaaaaggaagaaaggttctgcaaaatcttgaaaaaagcccctctcgacttgaaagactgcagcatagaaggctggatattggggaatcctcgatgcgacctgctacttggtgaccaaagctggtcatatatagtggaaagacctacagctcaaaatgggatctgctacccaggagtgctgaatgaggttgaagaactaagggcacttcttggatcaggagaaggagtagagaggtttgagatgtttcccaaaagtacatggacaggagtagacaccagtagtggagtaacaagtgcttgtccatatactactggctcgtctttctacagaaacttgctgtggataataaaaactgaatcagcagcgtacccaataatcaggggaacttacaataacactggaagacagccaattctatatttctggggtgtgcatcatcctccgaacaccaatgcgcaaaacagtttgtatggttccggtgaacgatatgtcagaatgggaactgaaagaatgagtttttcaaagagcccagaaattgcggaaagacctactgtaaatggacaaaaaggtagaattgattactactggtctgttttggagcctggagaaaccttgaatatagagtctaatggaaatctgatcgctccttggtatgcatacagattcgtcagcaccaatagaaaaggagccgtcttcaagtccaatttaccaatcgaaaactgtgatgccacttgccaaactattgcaggtgtgttaagaacaaataaaacattccagaatgtgagccctcactggataggagaatgccccaaatatgtgaaaagtgaaagtttgaggcttgcaactggactaaggaatgttccgcagattgagactagagggctcttcggggctattgcaggtttcatcgaaggggggtggacaggaatgatagatggatggtatggctaccaccatgagaattctcaaggctcagggtatgcagcagacaagaagagcactcaaaaggctgtagacgggatcacaaataaggtcaattctatcatagacaaaatgaacacccagttcgaggctgtcgatcacgagttttcaaatttggaaaggagaattaacaatttaaacaaaagaatggaagatggatttttagatgtttggacgtacaatgctgaattattagttctccttgagaacgaaagaacactggacatgcatgatgcgaatgtgaaacttctgtatgagaaggtcagatcacagctacgagacaatgctaaagacctaggaaatgggtgctttgaattttggcataagtgtgacaatgaatgcatggagtctgtcaagaatggcacttataactatcccaaataccagagtgaaagcagattaaacaggcaaataatagaatcggtgaacctggaaaatcttggtgtgtatcaaatacttgccatttatagtacggtatcgagcagtctagttttggtagggctgattctggcaatgggtctttggatgtgttcaaatggttcaatgcagtgcaggatatgtatataa,1701,H6N2,H6,No
A/Duck/Shantou/2030/00,2000,HA,EPI10795,acaacaacgagcaatgcagacaaaatctgcattggctaccagtcaacaaactccacagaaactgtcgacacactaatagaaaacaatgttcctgtgacacataccaaagaattgctccacacagagcacaatggaatgctatgtgcaacaaacctggggcaccctctcatcctagacacctgcactatcgaagggctggtatacggtaatccctcttgtgatttgctactgggagggaaagaatggtcctacattgtcgaaagatcatcagcaatcaatgggatgtgttatcctggaaatgtagagaatctagaggaactcaggtctttcttcatctctgctaattcctaccaaaggatccagatctttccagacacaatttggaatgtgacttacagtggaacaagcaaagcatgttcaaactcattctacaggagtatgagatggctgacacacaagagcaattcttaccctgttcaagacgcccaatataccaacaataagggaaagaatattctcttcatgtggggcatacatcacccacctactgacactgagcagacaaatttatacaaaaaggctgacacaacaacaagcgttacaacagaagatatcaatcgaactttcaaaccagtgatagggccaaggcctcttgtcaatggccaacaggggagaattgattactattggtcagtactaaagccaggtcaaacattgcgggtgagatccaatgggaatttaattgccccatggtatggacacattctctcaggagaaagccatggaagaatcctgaagaccgatctgaacaatggcaattgcgtagtacaatgccaaactgagaaaggtggtctgaacacaaccttgccgtttcacaatgtcagtaaatatgcatttgggaactgccccaaatacgttggagtaaagagtctcaaactggcagttggcttgaggaatgtgcctgctgcatcagatagagggttgtttggtgccatagctggattcatagaaggaggttggcctggactagtcgcaggctggtacggttttcagcattcaaatgatcagggggttggaatggctgcagacagggaatcgactcaagaggcagtcgacaaaataacatccaaagtaaataatataatcgacaaaatgaacaagcagtatgaaatcatcgatcatgaattcagtgagatcgaagccagactcaatatgatcaacaacaagattgatgaccaaatacaggacatctgggcatacaatgcagaattactagtactgcttgaaaatcagaaaacactcgatgagcatgacgcaaatgtgaataatttgtacaacaaggtgaaaagagcattgggttcaaatgcaagagaagatggaaatggatgcttcgaattgtaccataaatgtgacgatcaatgcatggaaacgattagaaacggaacctacgacaggcaaaagtaccaagaagaatcaaaactagaaaggcagaaaatagaaggggtaaaactggaatctgaaggaacttacaagatccttactatttattcgactgtcgcctcatctcttgtgcttgcaatggggtttgctgcctttctgttctgggccatgtccaatggatcttgc,1626,H9N1,H9,No
A/Gallus_gallus/Belgium/6486/2019,2019,HA,EPI1889045,tcatgaagaccattatcgctttaagctacgttttcagtctggccttcggtcaggaccttccagggagcgacaacagtaaagcaacactgtgcctgggacaccattcagtgccgaatgggacaatagtgaagaccattacagatgatcagattgaggtgactaacgctaccgagctagttcaaagctcttcaacagggaagatatgcaataatcctcacaggattcttgatggaagggactgcacactaatagatgccttactgggggatcctcattgcgatgtccttcaagatgagacatgggatctttttgtggagcgaagcaatgctttcagcaattgctacccttacgatgtgccagactacgcatcccttcgatccctagttgcatcatcaggcacattggagttcatcactgaaggtttcacttggacaggagtagctcagaatggagggagcggtgcctgcaaaaggggacctgctaacggtttctttagtagactgaactggttgactaaatcaggaagcgcatacccagtgttgaacgtgactatgccaaataatgacaattttgacaaactgtacatatggggagttcaccacccgagcacagaccaagaacaaaccaacctgtatgttcaagcctcaggaagggtcacagtctctaccaggagaagccagcagactataagccctaacattggatctagacccttggtaaggggccagtctggcagaataagcatctactggacaatagtcaaacctggggacgtactggtgatcaatagtaatggaaacctaatcgctcctcggggctacttcaagatacgaactgggaaaagctcgataatgaggtcagatgcacctattgacacctgcatttctgaatgcatcaccccaaatggaagcatccccaacgacaagccctttcaaaatgtgaacaagatcacatacggatcatgtcccaaatatgtgaagcagaacactttgaagttggcaacaggaatgcgaaatgtaccagaaaagcaaaccaaaggcctattcggtgcaatagcaggctttatagaaaatggatgggaaggaatgatagatggttggtacggcttcaggcatcaaaactccgaaggcaccggacaagcagcagaccttaaaagcactcaggcagccattgatcagatcaatgggaaattgaacagagtgattgaaaagacgaatgagaagttccatcaaattgaaaaggaattctctgaggtagaagggaggattcaggaccttgagaaatacgttgaagacacaaaaatagatctttggtcttataatgcggaactccttgtcgccctagagaatcagcatacgattgatttaactgattcagaaatgaacaaattgtttgaaaagaccagaaagcaactgagggaaaatgctgaagacatgggcaatggttgtttccaaatatatcacaagtgtgacaatgcctgcatagaatcaatcaggaacgggacttatgaccatgacatatacagagatgaggcattgaataaccggttccagatcaagggtgttgaactaaaatctgggtataaggactggatcttgtggatttcctttgccatatcatgctttttgctttgtgttgttttgctggggttcattatgtgggcctgccagagaggcaacatcaggtgcaacatttgcatttgagtatactagtagttaaaaacacccttg,1730,H3N1,H3,No
A/guineafowl/Hong_Kong/WF10_CIP046_RGAO032/1999,1999,HA,EPI845631,agcgaaagcaggggaatttcttaactagcaaaatggaaacaatatcactaataactatactactagtagtaacagcaagcaatgcagataaaatctgcatcggccaccagtcaacaaactccacagaaactgtggacacgctaacagaaaccaatgttcctgttacacatgccaaagaattactccacacagagcacaatggaatgctgtgtgcaacaagtctgggacatcccctcattctagacacatgcactattgaaggactagtctatggcaacccttcttgtgacctgctgttagaaggaagagaatggtcctacatcgtcgaaagatcatcagctgtaaatggaacgtgttaccctgggaatgtagaaaacctagaggaactcaggacactttttagttccgctagttcctaccaaagaatccaaatcttcccagacacaacctggaatgtgacttacactggaacaagcagagcatgttcaggttcattctacaggagcatgagatggctgactcaaaagagcggtttttaccctgttcaagacgcccaatacacaaataacaggggaaagagcattcttttcgtgtggggcatacatcacccacccacctataccgaacaaacaaatttgtacataagaaacgacacaacaacaagcgtgacaacagaagatttgaataggaccttcaaaccagtgatagggccaaggccccttgtcaatggtcttcagggaagaattgattattattggtcggtactaaaaccaggccaaacattgcgagtaagatccaatgggaatctaatcgctccatggtatggacacgttctttcaggagggagccatggaagaatcctgaagactgatttaaaaagtggtagttgtgtagtgcaatgtcagactgaaaaaggtggcttaaacagtacattgccattccacaatatcagtaaatatgcatttggaacctgccccaaatatgtaagagttaatagtctcaagctggcagtcggtctgaggaacgtgcctgctagatcaagtagaggactatttggagccatagctggattcatagaaggaggttggccaggactagtcgctggctggtatggtttccagcattcaaatgatcaaggggttggtatggctgcagatagggattcaactcaaaaggcaattgataaaataacatccaaggtgaataatatagtcgacaagatgaacaagcaatatgaaataattgatcatgaattcagtgaggttgaaactagactcaatatgatcaataataagattgatgaccaaatacaagacgtatgggcatataatgcagaattgctagtactacttgaaaatcagaaaacactcgatgagcatgatgcgaacgtaaacaatctatataacaaggtgaagagggcactgggctccaatgctatggaagatgggaaaggctgtttcgagctataccataaatgtgatgatcagtgcatggaaacaattcggaacgggacctataataggagaaagtatagagaggaatcaagactagagaggcagaaaatagagggggttaagctggaatctgagggaacttacaaaatcctcaccatttattcgactgtcgcctcatctcttgtgcttgcaatggggtttgctgccttcctgttctgggccatgtccaatgggtcttgcagatgcaacatttgtatataattagcaaaaacacccttgtttctact,1741,H9N1,H9,No
A/guineafowl/Hong_Kong/WF10_CIP046_RGAO032/1999,1999,HA,EPI845638,agcgaaagcaggggaatttcttaactagcaaaatggaaacaatatcactaataactatactactagtagtaacagcaagcaatgcagataaaatctgcatcggccaccagtcaacaaactccacagaaactgtggacacgctaacagaaaccaatgttcctgttacacatgccaaagaattactccacacagagcacaatggaatgctgtgtgcaacaagtctgggacatcccctcattctagacacatgcactattgaaggactagtctatggcaacccttcttgtgacctgctgttagaaggaagagaatggtcctacatcgtcgaaagatcatcagctgtaaatggaacgtgttaccctgggaatgtagaaaacctagaggaactcaggacactttttagttccgctagttcctaccaaagaatccaaatcttcccagacacaacctggaatgtgacttacactggaacaagcagagcatgttcaggttcattctacaggagcatgagatggctgactcaaaagagcggtttttaccctgttcaagacgcccaatacacaaataacaggggaaagagcattcttttcgtgtggggcatacatcacccacccacctataccgaacaaacaaatttgtacataagaaacgacacaacaacaagcgtgacaacagaagatttgaataggaccttcaaaccagtgatagggccaaggccccttgtcaatggtcttcagggaagaattgattattattggtcggtactaaaaccaggccaaacattgcgagtaagatccaatgggaatctaatcgctccatggtatggacacgttctttcaggagggagccatggaagaatcctgaagactgatttaaaaagtggtagttgtgtagtgcaatgtcagactgaaaaaggtggcttaaacagtacattgccattccacaatatcagtaaatatgcatttggaacctgccccaaatatgtaagagttaatagtctcaagctggcagtcggtctgaggaacgtgcctgctagatcaagtagaggactatttggagccatagctggattcatagaaggaggttggccaggactagtcgctggctggtatggtttccagcattcaaatgatcaaggggttggtatggctgcagatagggattcaactcaaaaggcaattgataaaataacatccaaggtgaataatatagtcgacaagatgaacaagcaatatgaaataattgatcatgaattcagtgaggttgaaactagactcaatatgatcaataataagattgatgaccaaatacaagacgtatgggcatataatgcagaattgctagtactacttgaaaatcagaaaacactcgatgagcatgatgcgaacgtaaacaatctatataacaaggtgaagagggcactgggctccaatgctatggaagatgggaaaggctgtttcgagctataccataaatgtgatgatcagtgcatggaaacaattcggaacgggacctataataggagaaagtatagagaggaatcaagactagagaggcagaaaatagagggggttaagctggaatctgagggaacttacaaaatcctcaccatttattcgactgtcgcctcatctcttgtgcttgcaatggggtttgctgccttcctgttctgggccatgtccaatgggtcttgcagatgcaacatttgtatataattagcaaaaacacccttgtttctact,1741,H9N1,H9,No
A/guineafowl/Hong_Kong/WF10_CIP046_RGAO032/1999,1999,HA,EPI845650,agcgaaagcaggggaatttcttaactagcaaaatggaaacaatatcactaataactatactactagtagtaacagcaagcaatgcagataaaatctgcatcggccaccagtcaacaaactccacagaaactgtggacacgctaacagaaaccaatgttcctgttacacatgccaaagaattactccacacagagcacaatggaatgctgtgtgcaacaagtctgggacatcccctcattctagacacatgcactattgaaggactagtctatggcaacccttcttgtgacctgctgttagaaggaagagaatggtcctacatcgtcgaaagatcatcagctgtaaatggaacgtgttaccctgggaatgtagaaaacctagaggaactcaggacactttttagttccgctagttcctaccaaagaatccaaatcttcccagacacaacctggaatgtgacttacactggaacaagcagagcatgttcaggttcattctacaggagcatgagatggctgactcaaaagagcggtttttaccctgttcaagacgcccaatacacaaataacaggggaaagagcattcttttcgtgtggggcatacatcacccacccacctataccgaacaaacaaatttgtacataagaaacgacacaacaacaagcgtgacaacagaagatttgaataggaccttcaaaccagtgatagggccaaggccccttgtcaatggtcttcagggaagaattgattattattggtcggtactaaaaccaggccaaacattgcgagtaagatccaatgggaatctaatcgctccatggtatggacacgttctttcaggagggagccatggaagaatcctgaagactgatttaaaaagtggtagttgtgtagtgcaatgtcagactgaaaaaggtggcttaaacagtacattgccattccacaatatcagtaaatatgcatttggaacctgccccaaatatgtaagagttaatagtctcaagctggcagtcggtctgaggaacgtgcctgctagatcaagtagaggactatttggagccatagctggattcatagaaggaggttggccaggactagtcgctggctggtatggtttccagcattcaaatgatcaaggggttggtatggctgcagatagggattcaactcaaaaggcaattgataaaataacatccaaggtgaataatatagtcgacaagatgaacaagcaatatgaaataattgatcatgaattcagtgaggttgaaactagactcaatatgatcaataataagattgatgaccaaatacaagacgtatgggcatataatgcagaattgctagtactacttgaaaatcagaaaacactcgatgagcatgatgcgaacgtaaacaatctatataacaaggtgaagagggcactgggctccaatgctatggaagatgggaaaggctgtttcgagctataccataaatgtgatgatcagtgcatggaaacaattcggaacgggacctataataggagaaagtatagagaggaatcaagactagagaggcagaaaatagagggggttaagctggaatctgagggaacttacaaaatcctcaccatttattcgactgtcgcctcatctcttgtgcttgcaatggggtttgctgccttcctgttctgggccatgtccaatgggtcttgcagatgcaacatttgtatataattagcaaaaacacccttgtttctact,1741,H9N1,H9,No
A/long-tailed_duck/Wisconsin/18OS3416/2018,2018,HA,EPI1791311,atgaagaccatcattgttctaagctatcttttctgtctggctctcagccaagattactcagaaaacaacaacagcactgcaacgctgtgtttagggcaccatgcggtaccgaatggaacgatagtgaagacaattacggatgaccaaattgaggtgaccaatgcaaccgaattggtccagagcgcctcaacagggaaaatatgcaacaacccacacagaatccttgatgggagggactgcacactgatagatgccctactgggagatccccactgtgacgtattccaagatgaaacctgggatctttatgtggaacgcagcagcgccttcagcaactgctatccctatgatgtgccagactatgcatcgctcaggtctctggttgcttcctcaggaaccctagagttcattacagaaggattcacatggacaggagtcactcaaaatgggggaagcaatgcctgcaaaagagggcccgctagtggtttcttcagcagactgaattggctgactaaatctgggagtgcttacccagtgttgaatgtaactatgccaaataatgacaactttgacaagttgtatgtctggggagtccaccacccaagcacaaaccaagagcaaaccaacctatatgttcaggcatcaggaagagtgacagtttcaactagaaggagccaacaaaccataattccgaatattggatccaggccttgggtcagagaccaatcagggaggataagcatctactggacaatagtgaagccgggggatgtactagtaattaacagtaatggtaacctgattgctcctcgagggtacttcaaaatgcgcactgggaaaagctcaataatgaggtcagatgcaccaattgacacatgcatttctgagtgcatcactcctaatggaagcatcccaaatgacaagccatttcagaatgtaaataaaatcacctacggggcatgtcccaagtatgtcaaacaaagcactttgaaactggcaacaggaatgaggaacgtgcctgagaaacaaaccaggggtctgttcggtgcaatagcaggatttatagaaaatggatgggaaggaatgatagacggttggtatggtttcagacaccagaattctgagggtacaggacaagctgcagacctaaaaagcacacaggcagccattaaccagatcaatgggaaattgaaccgggtgattgagaaaacaaatgagaagtttcaccagattgaaaaggaattctctgaagtagaaggaagaatccaggaccttgagaaatatgttgaagacactaagatagatctatggtcttacaatgcagagcttctggtggccttggaaaaccaacatacaattgatctgactgattctgaaatgaacaaactattcgaaaagacgaggcggcaactgagggagaatgctgaagatatgggcaacggttgctttaaaatataccacaaatgtgacaacacatgtatagagtcaataaggaacgggacctatgatcatgacatatacagggatgaagcattaaacaatcgattccaaatcaaaggtgtggagctaaagtctgggtacaaagattggatcttatggatttcctttgccatatcatgcttcttgctttgtgttgttctactggggttcattatgtgggcctgccaaagaggcaacattaggtgcaacatttgcatttga,1701,H3N1,H3,No
A/mallard/Denmark/77-64849-G2/2005,2005,HA,EPI174872,tgacctgctgctcactgcgaattcanggtcctatataatagagacttcaaattcagaaactggaacatgctatcccggggaattcatcgattatgaagaattgagagaacaactaagttcagtgtcttcatttgagaaatttgagattttcccgaaggcaaactcgtggccaaatcatgagacaaccaaaggtgtcacagctgcatgttcttactctggagctagcagtttttatcggaatttgctgtggataacaaagaagggaacttcctatcctaaactcagtaaatcatacacaaacaacaagggaaaagaagtgcttgtactttggggagtgcatcaccccccaactacaactgaacagatgaccctctatcagaatactgatgcatatgtctcagttgggtcgtcwaagtacaaccggagattcacacctgaaatagctgccagacctaaagtcagagggcaagcgggtaggatgaattattattggacactattggatcagggagacacgataacatttgaagcaactgggaatttaatagcaccatggtatgcttttgcactaaacaagggctctgattctggtattataacatcagatgctccagttcataattgtgacacaaaatgccaaacccctcatggtgccattaacagtagcctccctttccagaacgtgcatcctatcactattggagaatgccccaaatatgttaaaagcaccaaactaaggatggcaacaggcctgagaaacattccttccattcaatctagaggactcttcggagcaattgctgggttcattgaagggggttggacaggaatgatagatgggtggtatgggtatcatcatcagaatgagcaaggatctggctatgccgctgatcagaagagcacacaaaatgcaatcgacgggataaccaacaaggtgaattcagtaattgagaagatgaacactcaattcactgcggtgggtaaggagttcaacaatctggaaagaagaattgagaatctgaataagaaggttgacgatgggttcctagatgtttggacatacaatgcagaattgctcgttctgctcgagaatgaaaggaccttggatttccatgactccaatgtgaggaatctgtatgaaaaggtcaaatcacagctgaggaataatgccaaagaaattgggaatgggtgcttcgagttctaccacaaatgtgatgatgagtgcatggagagtgtgaagaacggcacatatgactatcctaagtactcagaggaatccaaactgaacagagaagaaatagacggggtaaaattggaatcaatgggggtttaccagattttggcgatctactccacagtcgccagttccctggtcttgttagtctccctgggggcaatcagtatctggatgtgttctaatggatcattgcaatgcagaatatgcatttagaactgggtatttaaatta,1468,H1N3,H1,No
A/mallard/Interior_Alaska/9BM8474R0/2009,2009,HA,EPI437084,ggataattctattaatcatgaagaccatcattgtcctaagctatcttttctgtctggctctcagccaagattattcagggagcaaaaacagtactgcaacactgtgcttagggcatcatgcggtaccgaacgggacaatagtgaagacaattacggatgaccaaattgaagtgaccaatgccactgaactggtccaaagctcctcgacagggaaaatatgcaacaacccacatagaatccttgatggaagggactgtacactgatagacgctctactgggagacccccactgtgatgtattccaagatgaaacctgggacctttatgtggaacgcagcagcgccttcagcaactgctatccatacgatgtaccagactatgcatcactcaggtctctagttgcttcctcaggaaccctagagttcatcacagaaggattcacatggacaggagtcactcaaaatggaggaagcaatgcctgcaaaagagggcctgctagtggtttcttcagcagactgaattggctgactaaatctggaagtgcttacccagagttgaacgtgactatgccaaataatgacaactttgacaaactgtatgtctggggagtccaccacccaagcacaaaccaagagcaaaccaacctatatgttcaagcgtcaggaagggtaacagtttcaactagaaggagccaacaaaccataatcccgaatattggatccaggccttgggtcaggggccaatcaggaagaataagcatttactggacaatagtgaagccgggggatgtactagtaattaacagtaatggtaacctgatcgctcctcgggggtatttcaaaatgcgcactgggaaaagctcaataatgagatcagatgcagctattgacacatgcatttctgaatgtatcactcctaatggaagcatccccaatgacaagccctttcagaatgtgaacaagatcacctatggagcatgtcctaagtatgtcaaacagagcactctgaaactggcaacaggaatgaggaacgtacctgagaaacaaaccaggggtctgttcggtgcaatagcaggatttatagaaaatgggtgggaaggaatgatagacggctggtatggtttcagacatcagaactctgagggtacaggacaagctgcagacctaaaaagcacacaggcagccatcgaccagattaatgggaaattgaaccgagtaatcgagaaaacaaatgagaagtttcatcagattgaaaaggaattctcagaagtagaaggaagaatccaggaccttgagaaatatgttgaagacaccaagatagatctatggtcctacaatgcagagcttctggtggctttggaaaaccagcacacaattgatctgactgattctgaaatgaataaactattcgaaaagacgaggcggcaactgagggagaatgctgaagatatgggcaacggttgcttcaaaatataccacaaatgtgacaacgcatgtatagagtcaatcaggaacgggacctatgatcatgacatatacagagatgaagcattaaacaaccgatttcaaatcaagggtgtagaactaaaatctgggtacaaagactggatcttatggatatcctttgccatatcatgctttttgctttgtgttgttctactggggttcattatgtgggcctgccaaagagacaacattaggtgcaacatttgcatttgagtatattagtaattaaaaacac,1740,H3N1,H3,No
A/mallard/Ohio/181/1986,1986,HA,EPI60443,gttaatcatgaagaccatcatcattctaagctacttattctgtctggctttcagccaagaccactcagaaagtaacaacagcactgcaacactgtgcttgggacatcacgcagtaccaaatgggacaatagtgaagacgaaaacggatgatcaaattgaagtgactaatgccactgaactggtccagagctcctcaacagggaaaatatgcaacaaccctcacagaatccttgatggaagagattgcacactaatagatgccctactgggggacccccactgtgatgtattccaagatgaaacctgggacctttacgtggaacgtagcagcgcctttagcaactgctatccatatgatgtaccagactatgcatcactcagatctctagttgcttcctcaggaaccctagagttcatcacagaagggtttacatggacaggagtcactcaaaatggaggaagtaatgcctgcaaaagagggcctgctagtggtttcttcagcagactgaattggctgactaaatctggaagtacttacccagtactgaacgtgactatgccaaatgatgacaactttgacaaattgtatgtctggggagttcatcacccaagcacaaaccaagagcaaaccgatctatacgttcaggcatcagggagggtaacagtttcaactagaagaagccagcaaaccataatcccaaatattggatccaggccttgggtcagaggccaatcaggaagaataagcatctattggacaatagtgaagccgggggatgtactagtaattaacagtaatggtaacctaatcgctcctcgagggtacttcaagatgcggactgggaaaagctcaataatgagatctgatgcacctatcgacacatgcatctccgaatgtattactcctaatggaagcattcccaatgacaagccctttcagaatgtaaacaagatcacttacggagcatgccctaagtatgtcaaacagagcactctgaaattggcaacaggaatgcggaatgtgcctgagaaacagaccaggggtctctttggtgcaatagcgggatttatagaaaatggatgggaaggaatgatagacggctggtatggtttcagacaccaaaactctgagggtacagggcaagctgcagacctaaaaagcactcaggcagccattgaccagatcaatgggaagttaaaccgagtaatcgagaagacaaatgagaagtttcaccagattgagaaggaattctctgaagtagaaggaagaattcaggaccttgagaaatatgtcgaggacactaagatagatctatggtcttacaatgcagagcttctggtggccttggaaaaccagcatacaattgatctgactgattctgaaatgaacaaactattcgaaaagactaggagacaattgagggagaatgctgaagacatgggtaatggttgcttcaaaatatatcacaaatgtgacaacgcatgcatagagtcaatcaggaacgggacctatgatcatgacatatacagagatgaagcattaaacaatcgatttcaaatcaaaggcgtggagctaaaatctggatacaaagattggatcttatggatttcctttgccatatcatgctttttgctttgtgttgttctactggggttcattatgtgggcctgccagagaggcaacattaggtgcaacatttgcatttgagtatattagtaatta,1723,H3N1,H3,No
A/Northern_shoveler/Mississippi/16OS6107/2016,2016,HA,EPI1154371,ggatacaaaatgaacactcaaattttggcactcattgcttgtatgctgatcggagccaaaggagacaaaatatgccttgggcaccatgctgtggcaaatggaacaaaagtgaacacactaacagagagaggaatcgaagtagtaaatgccacggaaacggtggagaccgcaaacattaagaaaatatgcactcaggggaaaagaccaacagatctgggacaatgcggacttctaggaaccctaataggacctccccagtgcgatcaattcctggagtttgacgctgatttaataattgaacggagagaaggaacggatgtgtgttatcctgggaagttcacaaatgaagaatcactgagacagatcctccgagggtcaggaggaattgataaggagtcgatgggtttcacctatagtggaataagaaccaatggggcaacgagtgcttgcagaagatcaggttcttccttctatgcggagatgaaatggttattgtcgaattcagacaatgcggcttttccccaaatgactaagtcgtacagaaatcccaggagcaaaccagctctaataatttggggagtgcatcactctggatcggctactgaacagaccaaactctatgggagtggaaacaagttgataacagtagggagctcgaaataccagcagtcattcaccccaagcccgggggcacgaccacaggtgaatgggcaatcaggaaggattgattttcattggctacttcttgaccccaacgacacagtgaccttcactttcaatggggcattcatagctcctgacagagcaagcttctttagaggggagtcactaggagttcaaagtgacgttcctttggattctagttgcgagggggattgcttccacaatggaggtacgatagtgagctccctgccattccagaacatcaaccctagaacagtgggaaaatgccctcgatatgtcaaacagacaagcctcctcttggctacagggatgaggaacgtcccagagaaccccaagaccagaggtctttttggagcgattgctgggttcatagagaatgggtgggaaggtctcattgatggatggtacggtttcaggcatcaaaatgcacaaggagaaggtactgcagctgattacaaaagcactcaatctgcaatagatcagatcacaggcaaattgaaccgtctaattgacaaaacaaatcagcagtttgaactgatagacaatgaattcagtgaaatagaacaacagattgggaatgtcattaattggacacgagattcaatgactgaagtatggtcgtataatgctgaactgctggtagctatggaaaatcagcacacaatagatcttgcagactcagaaatgaacaaactttacgagcgtgtaaggaaacaactgagggagaatgctgaagaggatgggactggatgctttgagatattccataagtgtgatgatcaatgcatggagagcataaggaacaacacttatgaccatacccaatacagagcagagtctttgcagaatagaatacagatagacccagtgaaactgagtagtggatacaaagacataatcttatggtttagcttcggggcatcatgttttcttcttctagccattgcaatgggattggtcttcatttgcataaagaatggaaacatgcggtgcactatttgtatatagtttgagaaaaacac,1706,H7N3,H7,No
A/northern_shoveler/Mississippi/397/2010,2010,HA,EPI333616,tcaaatcaaccaagatggaagcaaaactgtttgtactattctgtacattcactgtactgaaagctgacaccatctgtgtgggctaccatgcaaacaactctacagacactgttgacacagtactggaaaagaatgtaactgtgactcactcagtgaatttgctcgaagacagccataatgggaagctctgcagccttaatgggatagctcctttacaattggggaagtgcaatgtagcggggtggatcctgggcaacccagaatgtgatcttctactcactgcaaactcatggtcctatataatagagacgtccaactcagagaacgggacatgctatcccggtgaattcatagattatgaggaattaagggagcagctgagttcagtttcttcttttgaaaaatttgaaattttccccaaggcaaactcatggccgaaccatgagacaaccaaaggtgttacagctgcttgctcctactctggggctagcagtttttatcgaaatttgctgtggataacaaagaaggggacttcatatccaaaactcagcaaatcatacacgaacaacaaggggaaagaagtgctcgtgctctggggagtgcaccatcctccgaccaccagtgaacaacaaagtctataccagaacactgatgcatacgtctcagttgggtcatcaaagtacaaccggagattcaccccagagatcgcagctagacccaaagttagagggcaggcaggcaggatgaactattattggacactattagaccaaggggacaccataacatttgaggccactgggaatctgatagcaccatggtatgccttcgcactaaataaggggtctgacacaggaattataacatcagatgctccagttcacaattgcgacacaagatgccaaaccccccacggagcgttgaacagcagccttccttttcagaatgtgcatcctatcaccattggagaatgtcccaaatatgtcaagagcaccaagctaagaatggcaacaggactaagaaatgtcccatccattcaatccagaggactatttggagcaattgctggattcattgaaggaggatggacaggcatgatagatggctggtatgggtaccaccaccagaatgagcaaggatcaggatatgccgctgatcagaagagcacacagaatgcaatcgatggaataacaaataaggtgaattcagtaattgagaaaatgaacactcaattcactgcagtgggtaaagaattcaacaacctagagaggagaattgagaatctgaataagaaggtcgatgatgggttcctggatgtttggacatacaatgctgaactgctcgttttactggaaaatgaaagaactcttgactttcatgattccaatgtgaggaatttgtatgagagagtcagatcacaactgaggaataacgccaaagaacttggaaatggttgctttgagttctatcacaagtgtgatgatgaatgtatggaaagtgtgaagaacggcacatatgactatcccaaatattcagaagagtctaagttaaatcgagaagaaatagacggggtgaaactagagtcgatgggagtttaccaaattttggcgatctatgccacagtcgccagttccctggtcttgttaatctccctgggggcaatcagcttctggatgtgctctaatgggtcattgcaatgcagaatatgcatttagagcttggatttcaaaatgtgtggaaaaacac,1746,H1N3,H1,No
A/semipalmated_sandpiper/Delaware_Bay/246/2011,2011,HA,EPI1522961,atgaacactcaaatcttggcactcattgcttgtatgctgattggagctaaaggagacaaaatatgtcttgggcaccatgctgtggcaaatggaacaaaagtgaacacattaacagagagaggaattgaagtagtaaatgccacagaaacggtggagactgcaaatattaagaaaatatgcactcaaggaaaaaggccaacagatctaggacaatgcggacttctgggaaccttaataggacctccccaatgtgatcaatttctggagtttgacgctgacttgataattgaacgaagagaaggaaacgatgtgtgctaccccgggaagttcacaaatgaagaatcactgaggcagatccttcgagggtcaggaggaattgataaggagtcaatgggtttcacctatagcggaataagaaccaatggggcgacgagtgcctgcagaagatcaggttcttctttctatgcggaaatgaagtggttactgtcgaattcagacaatgcggcatttccccaaatgactaagtcgtatagaaatcccaggaacaaaccagctctgataatttggggagtgcatcactctggatcggctactgagcagaccaaactctatggaagtggaaacaagttgataacagtaggaagctcgaaataccagcagtcattcaccccaagtccgggagcacgaccacaggtgaatgggcaatcaggaaggattgattttcactggctaatccttgatcctaatgacacagtgaccttcactttcaatggggcattcatagctcctgacagggcaagtttctttagaggagagtcgctaggagtccagagtgatgtccctttggattctggttgtgagggggattgcttccacagtgggggtacgatagtaagctccctgccattccagaacatcaatcctagaacagtggggaaatgccctcgatatgtcaaacagacaagcctccttttggctacaggaatgagaaacgtcccagagaacccaaaaccagacgcccccctctatgggaaccccaaaaccagaggcctctttggagcgattgccggattcatagagaatggatgggaaggtctcattgatggatggtatggtttcagacatcaaaatgcacaaggagaaggaactgccgctgattacaaaagcacccaatctgcaatagatcagatcacaggcaaattgaatcgtctaattgacaaaacaaatcagcaatttgaactgatagacaatgaattcagtgaaatagaacaacaaattgggaatgtcattaactggacacgagactcaatgactgaggtatggtcgtacaatgctgagttgctggtagcaatggaaaatcagcacacaatagatcttgcagactcagaaatgaacaaactttacgaacgtgtcagaaaacaactaagggagaatgctgaagaagatgggactggatgctttgagatatttcataagtgtgatgatcagtgtatggagagcataaggaacaacacttatgaccacacccaatacagaacagagtcactgcagaatagaatacagatagacccagtgaaattgagtagtggatacaaagacataatcttatggtttagcttcggggcatcatgttttcttcttctagccattgcaatgggattggttttcatttgcataaagaatggaaacatgcggtgcactatttgtatataa,1713,H7N3,H7,No
A/spot_billed_duck/Korea/KNU-29/2022,2022,HA,EPI2873109,gcaggggaaacaatgctatcaattgtggttttgtttctgcttgttgcagagagctcttctcaaaactacacaggaaaccctgtgatatgcatgggacatcatgctgtggccaatggaactatggtgaagacccttactgatgaccaggtggaagtggtcactgcacaagaactggtggagtcacagaacctcccagaactatgcccgagtcctctaagactagtcgatggccagacctgtgatatcatcaatggagcattaggaagcccaggatgtgatcatttgaatggtgctgaatgggacattttcatagaaaggcccaatgcaatggacacttgctacccatttgatgtgccagattatcagagcctaaggagcatacttgccaacaatgggaaattcgaattcattgctgaagaattccaatggagcactgtgaagcaaaacggtaaatctggggcctgcaagagagcaaatgtgaacgatttctttaacaggctgaattggctcgtgaaatcagacgggaatgcgtaccctctccagaatttgacaaaagtaaacaacggtgattatgcaaggctctacatctggggagttcatcacccttcgacagacaccgagcaaaccaacctgtacaagaacaatcctggtagggtcactgtatctaccaaaacaagtcaaacaagtgtagtgcccaacattggcagcagaccttgggtgagaggacaaagtggcagaatcagcttctattggactattgtagagccaggagatttgatagtcttcaatacaataggaaatttaattgccccaagaggacattacaaattaaacagtcagaagaagagcacaattctgaacactgcaacccctataggctcatgtgtcagcaaatgtcatacagacaaaggttctatctctaccaccaagccttttcaaaatatctcaaggatagcaattggagattgtcccaaatatgtcaaacaaggctccctaaaacttgcaactgggatgagaaatatccctgaaaaggcatcaagagggctttttggggcaatagctgggttcatagaaaatggatggcagggcctgattgatggttggtatggcttcagacatcagaatgcagaaggaacaggaacagctgctgatctaaaatccactcaagcagccattgatcagatcaatggaaaactcaatcgtcttatcgagaagacaaacgagaaataccaccaaatcgaaaaagaattcgaacaagttgaaggaagaatccaagacttggagaagtatgttgaggacacaaagattgatctatggtcatataatgcagagctattagttgctctggaaaaccagcatactatagatgtgactgattcggaaatgaacaagctctttgaaagagtaaggagacaactcagggagaatgctgaagacaaaggaaacgggtgctttgaaatattccacaaatgtgacaacaactgcattgaaagcattcggaatgggacttatgatcatgatatttatagaaatgaagcgatcaacaaccgattccaaatacagggagtcaaattgacccaggggtacaaggacatcatcctttggatttcgttctccatatcatgctttttgctcgtggcactgcttttggccttcattttgtgggcttgtcagaatggaaacatccggtgccagatttgcatttaaagaaaaaacac,1718,H4N6,H4,No
A/turkey/North_Carolina/20-008257-002/2020,2020,HA,EPI1775573,atgaacactcaaattttggcactcattgcttgcatgctgatcggagctaaaggagataaaatatgtcttgggcaccatgctgtggcaaatggaacaaaagtgaacacactaacagagagaggaatcgaagtagtaaatgccacggaaacggtggagactgcaaatattaagaaaatatgcactcaggggaaaagaccaacagatctgggacaatgtggacttctaggaaccctaataggacctccccaatgcgatcaattcctggagtttgatgctgatttgataattgagcggagagaaggaacggatgtgtgttaccctgggaagttcacaaatgaggaatcactgaggcagatcctccgagggtcaggaggagttgataaggagtcaatgggtttcacctatagtggaataagaaccaatggggcaacgagtgcttgcagaagatcaggttcttccttctatgcggagatgaagtggttattgtcaaattcagacaatgcggcttttccccaaatgactaagtcatacaggaaccccagaagcaaaccagctctaataatttggggagtgcatcactctgtatcggctgctgaacagaccaagctctatgggagtggaaacaaattgataacagtaggaagctcgaaataccagcagtcattcaccccaagtccgggggcacgaccacaggtgaatgggcaatcaggaaggattgattttcattggctactccttgaccccaacgacacagtgaccttcactttcaatggggcattcatagctcctgacagggcaagtttctttagaggggagtcactaggagttcaaagtgacgttcctttggatcctagttgtgagggggattgtttccacaatggaggtacaatagtgagctccctgccattccagaatatcaaccctagaacagtgggaaaatgccctcgatatgtcaaacaaacaagtctccttttagctacagggatgagaaacgtcccagaaaaacccaagaccagaggtctttttggagcgattgctggattcatagagaatgggtgggaaggtctcattgatggatggtacggtttcaggcatcaaaatgcacaaggagaaggtactgcagctgattacaaaagcactcaatctgcaatagatcagatcacaggcaaattgaatcgtctaattgacaaaactaatcagcagtttgaactgatagacaatgaattcagtgaaatagaacaacagattgggaatgtcattaattggacacgagattcaatgactgaagtgtggtcatataatgctgaactgctggtagctatggaaaatcagcacacaatagatcttgcagactcagaaatggacaagctttatgagcgtgtaaggaaacaactgagggagaatgctgaagaggatgggactggatgctttgagatattccataagtgtgatgatcaatgcatggagagcataaggaacaacacttatgaccacacccaatacagagcagagtcattgcagaatagaatacagatagacccagtgaaactgagtagcggatacaaagacataatcttatggtttagcttcggggcatcatgttttcttcttctagccattgcaatggggttggtcttcatttgcataaagaatggaaacatgcggtgcactatttgtatatag,1683,H7N3,H7,No
A/white_fronted_goose/Korea/KNU-12/2023,2023,HA,EPI2873029,agcaaaagcaggggaaaatcaaatcaatcaaaatggaggcaaaactactcgtattgttctgcatgttcattacatcaaaggccgacaccatctgtataggctaccatgcaaacaattctacggacactgttgacacggtgctagagaagaatgtaactgtgactcactcagttaatctactcgaagataaccataatgggaaactctgcaatttgaacggaatagccccattacaactagggaaatgcaacgtggcggggtggctcctcggcaacccagaatgtgacctgttgctcactgcgagttcatggtcctatataatagaaacctcgaactcagaaaatgggacatgttaccccggagaattcatcgactatgaagaattgcgtgaacaactaagttcagtgtcctcatttgagaaatttgagatcttcccgaagacaagctcgtggccaaaccatgagacaaccaaaggtgtcacagctgcgtgcctttactctggagctagcagtttttaccgaaacttgctgtggataacaaagaagggaacttcctaccctaaactcagtaaatcatacacaaacaacaagggaaaagaagtactcgtcctttggggagtgcaccaccccccaactgcaagtgaacagcagaccctctatcagaacgctgatgcatatgtctcagttgggtcatcaaagtacaaccggagattcacacctgaaatagctgccagacctaaagtcagaggacaggcgggtagaatgaattattattggacactgttggatcagggggacacaataacgtttgaagcaactggaaacttaatagcaccatggtatgcattcgcactgaacaaggggtctgattcaggtattataacatcagatgctccagttcataattgtgacacaaaatgccagacacctcacggtgccatcaacagtagtctccctttccagaatgtgcatcctatcaccattggggaatgccctaaatatgtgaaaagcaccaaactaaggatggcaacaggcctgaggaatattccttccattcaatcgagaggactcttcggagcaattgctgggttcattgaaggaggatggacaggaatgatagatgggtggtatggatatcatcatcagaatgagcaagggtctggttatgcagctgatcagaaaagcacacaaaatgcaattgacgggataaccaataaggtgaactcagtaattgaaaaaatgaacactcaattcactgcagtggggaaggagtttaacaatctggaaagaagaattgagaatctgaataaaaaggttgacgacggtttcctggatgtttggacatacaatacagaattgctcgttctgcttgagaatgaaaggaccttagatttccatgattccaatgtgaagaatctgtatgagaaggtcaaatcacagctgaggaataatgccaaagaaattgggaatggctgcttcgaattctatcacaaatgtgatgatgaatgcatggaaagcgtgagaaacggcacatatgactatcctaagtattcagaggaatctaaattgaacagagaagaaatagacggggtgaaattggagtcaatgggggtttaccagattttggcgatctactccacagtcgccagttccctggtcctattagtctccctgggggcaatcagtttctggatgtgttccaatggatcattgcaatgcagaatatgcatttagaactgggagttcaaattatatggaaaaacacccttgtttcttct,1777,H1N3,H1,No
A/wild_bird/Hubei/02.07_HHC269-1/2017,2017,HA,EPI1485798,ggaaaatgattgcaatcatcgtaatagcgatattggcagcagccgggaagtcagacaagatctgcattggatatcatgccaacaactcaacaacacaggtggatactatccttgagaaaaatgtcaccgtcacgcactcagttgaattgctagaaacccagaaggaagagagattctgcaaaatcctgaacaagggccctctcgacctaaagggatgcaccatagagggttggatactggggaatccccaatgcgatctgttgcttggtgatcaaagctggtcatatatagtggaaagacctagtgctcaaaatgggatttgctacccaggaaccttgaacgacgcagaagaacttaaggcactcattgggtcaggagaaagagtagagagatttgagatgtttcccaaaagcacatgggcaggagttgacaccagcagtggggtgacaaaggcttgcccctataatagtggttcatctttctatagaaatctcttatggataataaagaccaagtcagcagaatacccagtgattaaagggacttacagcaacactggaaaccagtcaatcctttatttctggggtgtgcaccatcctccagacaccaatgaacaaaatactctgtatggctctggtgatagatacgttaggatgggaactgaaagcatgaacttcgccaagagtccagaaattgcagcaagacctgctgtgaacagtcaaagaggcagaattgattattactggtctgttttaaaaccaggtgaaaccttgaatgtggaatctaatggaaatataattgccccttggtatgcatacaaatttgtcagcacaaataataagggagccatcttcaagtcaagtttaccaatcgagaactgtgatgccacatgccagactattgcaggggtcctaagaaccaataaaacatttcagaatgtaagtcctctgtgggtaggagaatgccccaaatatgtgaaaagtgaaagtttgaggcttgcaactggactgaggaacgttccacaaattgaaactagaggtctttttggggccatagcaggatttattgaaggaggatggactggaatgatagatgggtggtatggctatcaccatgagaattctcaggggtcaggatatgcagcagacaaagagagcactcaaagggctatagacggaattacaaataaagtcaattccatcattgataaaatgaacacacaatttgaagctgttgaccacgaattctcaaatctagagagaagaattgacaatctgaacaaaagaatggaagatgggttcctagatgtttggacatacaatgctgaactgctggttcttcttgaaaacgaaaggacactagacctgcatgatgcaaatgtaaagaacctatatgagaaggtcaaatcgcaattaagggacaatgctaatgatctgggaaatgggtgctttgaattctggcataagtgtgacaatgagtgtatggaatctgttaagaatggtacttatgattatcccaagtaccaggacgagagcaaattgaacaggcaggaaatagaatcggtaaagctagaaaatcttggtgtgtatcaaatccttgctatttatagtacggtatcgagcagtctggtgttggtagggctgatcatagcaatgggtctttggatgtgttcaaatggttcaatgcaatgcaggatatgtatataattaagaaaaacac,1719,H6N2,H6,No
A/BWT/LA/B156/88_criadoslab,1988,HA,EPI81620,atgctatcaatcacgattctgttcctgctcatagcagagggatcctctcagaattacacagggaatcctgtgatatgcctgggacaccatgctgtatccaatgggacaatggtgaaaaccttgactgacgaccaggtagaagttgtcactgcccaggaattagtggaatcgcaacacctaccggaattgtgtcctagccctttgagattagtagatggacaaacttgtgacatcgtcaatggtgctctgggaagcccaggctgtgatcatttgaatggtgcggaatgggatgtcttcatagagcgacccaccgctgtagacacttgttacccatttgatgtaccagattatcagagcctgcggagtatcttagcaaataacggaaaatttgagttcattgctgaggaatttcaatggaacacagtcaaacaaaatgggaaatctggggcatgcaaaagagcaaatgtgaatgatttcttcaacagactgaattggctgaccaaatctgatggaaatgcatacccactccaaaacctgacaaaagtcaacaacggggactacgcaagactttacatatggggagttcaccacccttcaactgacacagaacaaaccaatctatataagaacaaccctggtagagtgactgtctctacccaaaccagtcaaacaagtgtagtaccaaatattggcagtagaccatgggtgagaggccaaagcggcaggatcagcttctactggacaattgtagaaccaggagatctcatagtcttcaacactatagggaatttaattgctccgagaggccactacaaactcaacagtcaaaagaggagtacaattttgaatactgcagttcccataggatcttgtgttagcaaatgccacaccgacaggggttcaatctctacaactaaaccctttcaaaacatctcaagaatatcaatcggggactgtcccaagtatgtcaaacagggatctttgaaacttgctacgggaatgaggaacatccctgaaaaggcagccagaggtctatttggtgcaattg,1048,H4N6,H4,Yes
A/chicken/New Jersey/12220-1/97_criadoslab,1997,HA,AF218104.1,TGAATCCAGACTTTCCAGACACAATCTGGAATGTGACTTACAGTGGAACAAGCAACGCATGTTCGAATTCATTCTACAGGAGTATGAGATGGTTGACTCACAAGAGCAATTCTTACCCCTTTCAAGACGCCCAATACACCAACAATGAGGGGAGGAATATTCTATTCATGTGGGGCATACACCATCCACCTACTGATACCGAACAGACAAACTTATACAAAAAGGCTGATACAACAACAAGTGTGACAACAGAAGATATAAACCGGACTTTCAAGCCAGTGATAGGGCCAAGGCCACATGTCAATGGACAGCAAGGGAGAATTGACTACTATTGGTCAGTATTAAAACCAGGTCAAACGTTGCGAGTGAGATCCAATGGGAATCTAATTGCCCCATGGTATGGCCACATTCTCTCAGGAAAAAGCCATGGAAGAATCTTGAAGACTGATTTGAGCAGTGGCGACTGCGTAGTGCAATGCCAGACTGAGAAAGGTGGTCTAAATACGACCTTGCCCTTTCACAATGTCAGCAAATACGCATTTGGGAATTGCCCCAAGTACGTTGGAGTAAAGAGTCTCAAACTGGCAACCGGGTTAAGGAATGTACCTGCTGTATCAGATAGA,623,H9N2,H9,Yes
A/CK/AL/75_criadoslab,1975,HA,EPI242188,agcaaaagcaggggaacaatgctatcaatcacgattctgtttctgctcatagcagagggctcctctcagaattacacagggaatcctgtgatatgcctgggacatcatgctgtatccaatgggacaatggtgaaaaccttgactgatgaccaagtagaagttgtcactgcccaggaattagtggaatcgcaacatctaccggaattgtgtcctagcccgttaagattagtagatgggcaaacttgtgacatcgtcaatggtgctctggggagcccaggctgtaatcacttgaatggtgcagaatgggatgtcttcatagagcgacccaccgctgtggacacttgttatccatttgatgtgccagattaccagagcctacggagtatcttagcaaacaatgggaaatttgagttcattgttgagaaattccaatggaacacagtcaagcagaatgggaaatccggagcatgcaaaagagcaaatgagaatgactttttcaccaacctgaactggctgaccaaatctgatgggaatgcatacccactccaaaacctgacaaaggtcaacaacggggactacgcaagactttacatatggggagttcaccatccttcaactgacacagaacaaaccaacttatatgagaacaaccctggaagagtgactgtctctaccaaaaccagtcaaacaagtgtggtaccaaatattggcagtagaccatgggtgagaggccaaagcggcaggatcagcttctattggacaattgtagaaccaggagatatcatagtcttcaacaccatagggaatttaatcgctccgagaggccattacaaactcaacagccaaaagaagagcacaattctgaatactgcagttcctataggatcctgcgttagtaaatgccacaccgacaggggttcaatcactacaactaaaccctttcaaaacatctcgagaatatcaatcggggactgtcccaagtatgtcaaacagggatccttgaaactagctacaggaatgaggaacatccctgagaaggcaaccagaggtctatttggtgcaattgctggctttatagagaatggctggcaaggtctaatcgatggttggtatgggtttaggcaccagaatgcagaagggacaggaacagctgcagatctcaagtcgactcaggcagctattgatcaaattaatggaaaattgaatcgtctcattgagaaaacaaatgagaaataccaccaaattgaaaaggaatttgaacaagtagagggaagaatccaagacttagagaagtatgttgaagacacaaagattgacctgtggtcttacaatgctgaattattggtggcattagaaaatcaacatactatagatgtaacagactccgaaatggacaaactctttgaaagagttaggcgccaactaagagagaatgccgaggacaaaggaaatggatgttttgaaattttccaccagtgtgacaacaactgcattgaaagcataaggaacgggacatatgaccatgatatttacagagacgaagcaatcaataacagattccagatacaaggagttaaattgactcaaggatacaaggacatcattctctggatttccttttccatatcatgcttcttgctcgttgcactacttttagcctttattttgtgggcttgtcagaatggaaacatccggtgccagatttgcatttaaagaaaaaacacccttgtttctact,1737,H4N8,H4,Yes
A/Mallard/MN/263/99_criadoslab,1999,HA,EPI81602,atgctatcaatcacgattctgtttctgctcatagcagaggtattctctcagaactacacaggaaatcctgttatatgtctgggacaccatgctgtacccaatggaacaatggtgaaaaccttaactgatgaccaaatagaagtcgtcactgcccaggaattagtggaatcgcaacatctaccggagttgtgtcctagccctttgagattagtagatggccaaacttgtgacatcgtcaatggtgctctggggagcccaggctgtgatcacttgaatggtgcagaatgggatgtcttcgtagagcgacccactgctgtggacacttgttatccatttgatgtgccagattaccagagcctacggagtatcttggcaaacaatgggaaatttgagttcattgcagaggaattccaatggaacacagtcaagcagaatgggaaatccggagcatgcaaaagagcaaatgtgaacgactttttcaacagactgaactggctaaccaaatctgatggaaatgcatacccactccaaaacctgacaaaggtcaacaatggggactatgcaagactttacatatggggagttcaccatccttcaactgacacagaacaaaccaacttatataagaacaaccctggaagagtgaccgtttctaccaaaactagtcaaacaagtgtggtaccaaatattggcagcagaccatgggtgagaggccaaagcggtaggatcagcttctattggacaattgtagaaccaggaaatctcatagttttcaacaccatagggaatttaatcgctccaaggggccattacaaactcaacagtcaaaagaagagcacaattctgaatactgcagttcctataggatcctgcgttagtaagtgccacaccgacaggggttcaatcactacaactaaaccctttcaaaacatctcgagaatatcaatcggggactgtcctaagtatgtcaaacaggggtctttgaaactggctacagggatgaggaacatccctgagaaggcaaccagaggtctgtttggtgcaattg,1048,H4N9,H4,Yes
A/RT/DE/1044/02_criadoslab,2002,HA,MN037498,agcaaaagcaggggaatttcacaatcaaccaagatggaggcaacaatactaataactatactattagtggtaacaacaagcaacgcagataaaatttgcatcggttaccagtcaacaaactccacggaaaccgttgatacgctaatagagaccaatgtccctgtgacacacaccaaagaattgctccacacagagcacaatggaatgctgtgtgcaacaaatttggggcatcctctcattctagacacttgcactatcgaaggactggtctatggcaatccttcctgtgatctgctattgggagggaaagaatggtcctacattgtcgaaaggtcgtcagctataaatggaatgtgttaccctgggaatgtggagaacctagaggaacttagatcttttttcagttccgtcaattcctatcaaaggatccagatctttccagacaaaatctggaatgtgacttacagtggaacaagcaaagcatgttcgaacacattctacaggagtatgagatggctgactcacaagggcaatgcttaccctgttcaagacgcccaatatacaaataatgaggggaagaatattctcttcatgtggggcatacaccacccacctactgatactgaacagacagatttatacaaaaagactgacacaacaacaagtgtgacaacagaggatataaatagaactttcaaaccagtgatagggccaaggccccttgtcaatggtcagcaggggagaattgattattattggtcaatactaaaaccgggtcagacattgcgagtgaggtctaatggaaatctaatcgccccatggtatggacacatcctttcaggagagagccatggaagaatcctgaagactgatttgaacagtggcaattgcatagtgcaatgccaaaccgaaaaaggaggcttaaatacgactttgccatttcacaatatcagtaaatatgcatttgggaactgccccaaatacgttggggtaaagagtctcaaattggcagtcggtctgaggaatgtacctgctgcatcagatagaggactatttggtgctatagcaggattcatagaaggaggttggccaggactagttgctggctggtatggtttccagcattcaaatgatcaaggagtcggaatggcggcagacagggaatcaacccaagaggcagttgacaaaataacatctaaggtgaataatataatcgataaaatgaacaaacagtatgaaatcattgatcatgagttcagtgaaattgaagccagactaaatatgatcaataataagatagatgaccaaatacaggacatctgggcatacaatgcggaattgctagtactgcttgaaaatcagaaaacactcgatgagcatgatgcgaatgtgaacaatctatataataaggtgaagagggcactaggttctaatgcggtggaagatggaaatgggtgtttcgaattgtaccacaaatgtgatgatcaatgcatggagacaattaggaacgggacctacgataagcagaagtaccaagaagaatcaaaattagaaaagcagaaaattgaaggagtaaagctggaatctgatggaacttacaaaatcctcaccatttattcgactgtcgcctcatctctcgtgcttgcaatggggtttgctgccttcttgttctgggccatgtccaatggatcttgcagatgcaacatttgtatataattagcaaaaacacccttgtttctact,1742,H9N9,H9,Yes
A/TKY/CA/358533/05_criadoslab,2005,HA,EPI159707,ggaaacaatgctatcaatcacgattctgtttctgctcatagcagagggctcctctcagaattacacagggaatcctgtgatatgcctgggacatcatgccgtatccaatgggacaatggtgaaaaccctgactgatgaccaagtagaagttgtcactgcccaagaattagtggaatcgcaacatctaccggagttgtgtcctagccctttaaaattagtagatggacaaacttgtgacatcgtcaatggtgccttggggagtccaggctgtgatcacttgaatggcgcggaatgggatgtcttcatagagcgacccactgctgtggacacttgttatccatttgatgtgccggattaccagagcctacggagtatcctagcaaacaatgggaaatttgagttcatcgctgaggaattccagtggaacacggtcaaacaaaatggaaaatccggggcatgcaaaagagcaaatgtgaatgactttttcaacaggctgaactggctgaccaaatccaatgggaatgcgtatccacttcaaaacctgacaaaggtcaacaacggggattatgcaaggctttacatatggggagttcatcatccttcaactgacacagaacaaaccaacttgtataagaacaaccctgggagagtaactgtttccaccaaaaccagtcaaacaagtgtggtaccaaatttcggcagtagaccattggtgagaggccaaagcggcaggattagcttctattggacaattgtggagcctggagatctcatagtcttcaacaccataggaaatttaattgccccaagaggtcattacaagcttaacagtcaaaagaaaagcaccattctgaatactgcaattcccataggatcttgtgttagtaaatgtcacacagacaggggttcaatctccacaactaaaccctttcagaacatctcgagaatatcaatcggggactgccccaagtatgtcaaacagggatccttgaaactagctacaggaatgaggaacatccctgagaaagcaaccagaggtctgtttggtgcaattgctggctttatagaaaatggctggcaaggtctaatcgatggttggtatgggtttaggcaccagaatgctgaaggaacaggaacagctgctgatctcaagtctacccaagcagctatcgatcaaattaatggaaaattgaatcgtctcattgagaaaacaaatgagaaataccaccaaattgaaaaggaatttgaacaagtggagggaagaattcaagacttggagaggtatgttgaagacacaaagattgacctgtggtcttacaatgctgaattattggtggcattggaaaaccaacatactatagatgtgacagactccgaaatgaacaaactctttgaaagagttaggcgccaactacgagagaatgcagaggacaaaggaaacgggtgttttgaaattttccatcagtgtgacaacaattgcattgaaagcataagaaacgggaaatatgaccatgatatttacagagacgaagcaatcaacaacagattccagatacaaggagtcaaattgatccaaggatacaaggatatcattctctggatttctttttccatatcatgcttcttgctcgttgcactacttttagcctttattttgtgggcttgtcagaatggaaacatccggtgccagatttgcatttaaagaaaaaaacac,1714,H4N8,H4,Yes
A/turkey/Wisconsin/1966_criadoslab,1966,HA,GQ247858.1,TTGCTGCACTGCTAATGGTAACAGCAGCCAATGCTGATAAAATCTGCATTGGCTATCAATCAACAAACTCCACCGAAACTGTCGACACACTAACAGAGAGCAATGTTCCTGTAACACACACTAAAGAATTGCTCCACACAGAACACAATGGGATGTTGTGTGCAACTGATCTAGGACATCCCCTCATTCTAGACACCTGCACTATTGAAGGACTAATCTATGGAAATCCTTCCTGTGACATACTACTAGGAGGAAAAGAATGGTCCTACATCGTTGAAAGGTCGTCAGCCGTCAATGGAATGTGTTACCCAGGGAATGTAGAGAACCTAGAAGAGCTTAGGTCACTTTTCAGTTCTGCAAAATCTTACAAAAGAATCCAAATCTTTCCAGATAAAACTTGGAATGTAACATACAGCGGAACAAGCAGAGCATGCTCAAATTCATTCTATAGGAGCATGAGATGGCTGACCCACAATAGTAATTCCTACCCTTTTCAGAACGCTCATTACACCAACAATGAGAGGGAGAACATTCTTTTCATGTGGGGCATACACCATCCACCTACCGACACAGAACAGACAGACTTATACAAGAAGGCCGATACAACAACAAGTGTGACAACAGAAGATATAAATCGCACTTTCAAACCAGTAATAGGGCCAAGGCCCCTTGTCAACGGCCAGCAGGGAAGAATCGATTACTATTGGTCTGTACTAAAACCTGGGCAGACTTTGAGAATAAGGTCCAATGGAAATCTAATTGCCCCTTGGTATGGACATGTTCTTACGGGAGAGAGCCATGGAAGAATCCTAAAGACTGATTTGAACAATGGTAATTGTGTGGTACAATGTCAGACTGAAAAAGGAGGACTCAATACAACCTTGCCATTTCACAATATTAGCAAATATGCATTTGGGAATTGTCCTAAGTATGTTGGAGTGAAAAGTCTCAAATTGGCAGTTGGTTTAAGGAATGTGCCTGCTGTATCTAGTAGAGGACTGTTCGGAGCAATAGCTGGGTTCATAGAGGGAGGTTGCCCAGGGCTAGTGGCCGGATGGTATGGTTTTCAACATTCAAACGATCAGGGAGTTGGGATGGCCGCAGACAAGGGATTTACCCAAAAAGCAATCGATAAAATAACATCAAAAGTGAACAACATAATCGATAAAATGAACAAGCAATATGAGGTCATTGATCATGAATTCAATGAGCTTGAGGCCAGGCTGAACATGATCAACAACAAAATTGATGATCAGATTCAAGACATTTGGGCTTATAATGCAGAGTTGCTGGTCTTGCTTGAAAACCAGAAAACTCTAGATGAGCATGATGCAAATGTGAACAACCTATACAACAAAGTGAAAAGAGCCTTGGGTTCCAATGCTGTAGAGGATGGAAACGGATGCTTTGAACTGTACCACAAATGTGATGATCAATGCATGGAAACAATCAGAAATGGAACCTACGACAGGCAGAAATACCAAGAAGAATCAAGATTAGAAAGGCAGAAAATAGAAGGGGTAAAGCTGGAATCTGAGGGCACTTACAAGATCCTCACCATTTATTCGACTGTCGCCTCATCTCTTGTGCTGCA,1594,H9N2,H9,Yes
