name,year,gene,acc,sequence,length,subtype,NA
A/mallard/Ohio/17OS1912/2017,2017,NA,EPI1537211,aaagcaggagttcaaaatgaatccaaatcaaaagataataactattgggtcaatctgcatggtaattggaataataagtctggtgctacaaattggaaacataatctcaatatgggttagccattcaatccaaactggaagccagaaccagccagagacatgcaatcaaagtgtcattacctacgaaaacaatacttgggtgaatcagacatacatcaacataagtaataccaatttaattgcaaaacaggctgtagatccagtagcactagcaggtaattcctctctctgtccaattagtggatgggctatatacagcaaggacaatggtataaggataggttccaaaggagatgtatttgtcatcagagagccttttatttcatgctctcatttggaatgcaggactttttttctaactcaaggggccttgttgaatgacaagcattctaatggaaccgttaaagacagaagcccttatagaacccttatgagctgccctgttggtgaagctccttctccatacaattcaaggtttgagtctgttgcttggtcagcaagtgcttgtcatgatggcattagttggttgacaattggtatttccggcccagacaatggggcggtggctgtattgaaatacaatggcataataacagatactattaagagttggagaagcaatatattgagaacacaagagtctgaatgtgcctgcattaatggttcttgctttaccataatgactgatggaccgagtaatggccaggcctcatacaaaattttcaggatagaaaagggaaaggtagtcaaatcagttgagttgaatgcccctaattaccactatgaggagtgctcctgttatcctgatgctagcgaggtaatgtgtgtgtgcagagataactggcatggttcaaatcgaccatgggtgtccttcaatcaaaatctagagtatcaaataggatacatatgcagcggagtttttggagacaacccgcgccccagtgatggaacaggcagttgtggtccagtgtcttctaatggggcatatggagtgaagggattttcatttaaatacggtaatggtgtttggataggaaggactaaaagtactacctcaaggagtgggtttgagatgatctgggatcctaatgggtggatggagacagacagcagtttctctgtaaagcaagatattgtagcaataactgactggtcaggatatagcggaagttttgttcagcatccagaactgacggggctggattgcatgaggccttgcttctgggttgagctgatcagaggaagacccaaggagaacacgatttggaccagtggaagcagcatttccttttgtggagtaaatagcgacactgtgggttggtcttggccagacggtgctgagttgccattcaccattgacaagtagtttgttcaaaaaaactccttgtttctact,1455,H1N1,N1
"A/Chionis_albus/Fildes_Peninsula,_King_George_Island/42/2023",2023,NA,EPI3182104,nnnraaagcaggagttcaaaatgaatccaaatcaaaagataataaccattggatcaatctgtatggtaattgggatagtcagcttgatgctgcaaattgggaacataatctcaatatgggttagccattcaatccagacagggaatcaataccagcctgaaccatgcaatcaaagcatcattacttatgagaacaacacctgggtaaatcagacgtatgtcaacatcagcaataccaattttcttgctgagcaggctgttacgtcggtaacattagcgggcaattcatctctttgccctattagtggatgggcaatatacagtaaggacaacggtataagaattggatccaagggggatgtgtttgttataagagagccattcatctcatgctcccacttggaatgcagaaccttttttctgacccagggggctctgctgaatgacaaacattctaatgggaccgtcaaagatagaagcccctacagaactttgatgagttgtcccgtgggtgaggctccttccccttacaattcaagatttgagtctgttgcttggtcggcaagtgcttgtcatgatggcatcagttggttgacaatcgggatttctggtccagacaatggagctgtggctgtattgaagtacaatggcataataacggacactatcaagagttggagaaacaacattttgagaactcaagaatctgagtgtgcgtgcgtaaatggctcttgcttcactgtgatgactgatggaccaagcaatgggcaggcctcatataaaatcttcaagatagagaaagggaaagtagtcaaatcagttgaattgaatgcccctaattaccactacgaggaatgctcctgttatcctgatgcgggtgagattatgtgtgtgtgcagggacaattggcatggctcgaatcggccatgggtatcttttaatcagaatctggagtatcaaataggatatatatgcagtggggttttcggggacaatccccgccccaatgatggaacaggcagttgcaatccaatgtcctctaacggggcatatggtgtaaaagggttttcatttaagtacggtaatggggtttggatcggaagaacaaaaagtactagttccaggagcggctttgagatgatttgggatccgaatggatggactgagacggacagtagtttctcagtgaagcaagacattgtagcaataactgactggtcaggatatagtgggagttttgtccagcatccagaactgacaggattagattgcatgaggccttgtttctgggttgagctaattagagggaggcccaaagagaacacaatttggactagtgggagcagcatatccttttgtggtgtaaatagtgacactgtgggttggtcttggccagacggtgctgagttgccattcaccattgacaagtagtttgttcaaaaaaactccttgtttctact,1459,H1N1,N1
A/Bean_Goose/Hubei/chenhu_VI51/2015,2015,NA,EPI1194816,agcaggagttcaaaatgaatccaaatcaaaagataataaccattggatcaatctgtatggtaattggaatagccagcctgatgctacaaattgggaacataatctcaatatgggttagccattcaattcagacagggaatcaataccagcctgaaccatgcaatcaaagcatcattacttatgaaaacaacacctgggtaaatcagacgtatattaacattagcaataccaattttcttgctgaacaggttgttacttcagtgacattagcgggcaattcatctctttgccctattagtgggtgggcaatatacagtaaggacaacggtataagaattgggtccaagggggatgtgtttgttataagagagccgttcatctcatgctcccatttggaatgtagaacctttttcctgacccagggggctctactgaatgacaaacattctaatgggaccgtcaaagatagaagcccctacagaactttaatgagttgtcccgtgggtgaggctccttccccgtacaattcaagatttgagtctgttgcttggtcggcaagtgcttgtcatgatggcatcagttggttgacagtcgggatttctggtccagacaatggggctgtggctgtattgaagtacaatggcataataacggacactatcaagagttggggaaataacattttgagaactcaagaatctgagtgtgcgtgtgtaaatggctcttgctttactgtaatgactgatggaccaagtaatgggcaggcctcatacaaaatcttcaagatagaaaaagggaaagtagtcaaatcagttgaattgaatgcccctaattaccactacgaggaatgctcctgttatcctgatgcgggcgaaatcatgtgtgtgtgcagggacaactggcatggctcaaaccggccgtgggtatctttcaatcaaaatctggagtatcaaataggatatatatgcagtggggttttcggagacaatccccgtcccaatgatggaacaggcagttgcggtccaatgtcctctaacggggcatatggggtaaaagggttttcatttaaatacggtaatggtgtttggatcggaagaacaaaaagcactagttccagaagcggctttgagatgatttgggatccgaatggatggactgagacggacagtagtttctcagtgaagcaagacatcgtagcaataactgactggtcaggatatagcgggagttttgtccagcatccagaactgacaggattagattgcatgaggccttgtttctgggttgagctaatcagagggaggcccaaagagaacacaatttggactagtgggagcagcatatccttttgtggtgtaaatagtgacactgtgggttggtcttggccagacggtgctgagttgccattcaccattgacaagtagtttgttcaaaaaaactcc,1442,H1N1,N1
A/mallard_duck/Ohio/15OS5305/2015,2015,NA,EPI967514,tcaaaatgaatccaaatcaaaagataataactattgggtcaatctgcatggtaattggaataataagtctggtgctacaaattggaaacataatctcaatatgggttagccattcaatccaaactggaagccagaaccacccagagacatgcaatcaaagtgtcattacctacgaaaacaatacttgggtgaatcagacatacatcaacataagtaataccaatttaattgcagagcaggctgtagattcggtagcactagcaggtaattcctctctctgtccaatcagtggatgggctatatacagcaaggacaatggtataaggataggttccaaaggagatgtatttgtcatcagagagccttttatttcatgctctcatttggaatgcaggaccttttttctaactcaaggggccttgttgaatgacaagcattctaatggaaccgttaaagacagaagcccttatagaaccctgatgagctgccctgttggtgaagctccttctccatacaattcaaggtttgagtctgttgcttggtcagcaagtgcttgtcatgatggcattagttggttgacaattggtatttccggcccagacaatggggcggtggctgtattgaaatacaatggcataataacagatactattaagagttggagaagcaatatattgagaacacaagagtctgaatgtgcctgcattaatggttcttgctttaccataatgactgatgggccaagtaatggccaggcctcatacaagattttcaggatagaaaagggaaaggtagtcaaatcagttgagttgaatgcccctaattaccactatgaggagtgctcctgttatcctgatgctagcgaggtaatgtgtgtgtgcagagataactggcatggttcaaatcgaccatgggtgtccttcaatcaaaatctagagtatcaaataggatacatatgcagcggagtttttggagacaacccgcgccccagtgatggaacaggcagttgtggtccagtgtcttctaatggggcatatggagtaaagggattttcatttaaatacggtaatggtgtttggataggaagaactaaaagtactagctcaaggagtgggtttgagatgatctgggatcctaatgggtggacggagacagacagcagtttctctgtaaagcaagatattgtagcaataactgactggtcaggatatagcggaagttttgttcagcatccagaactgacggggttggattgcatgaggccttgcttctgggttgagctgatcagaggaagacccaaggagaatacgatttggaccagtggaagcagcatttccttttgtggagtaaatagcaacattgtgggttggtcttggccagacggtgctgagttgccattcaccattgacaagtagtttgt,1420,H1N1,N1
A/turkey/Wisconsin/1966_CriadosLab,1966,NA,GQ247859.1,ATTGGCTCTGTCTCTCTAACCATTGCAACAGTATGCTTCCTCATGCAGATTGCCATCCTAGCAACAACTGTGACACTGCATTTTAAGCAAAATGAATGCAACCCCCCCGCGAACAATCAAGTAGTGCCATGTGAACCAATCATAATAGAAAGGAACATAACAGAGATAGTGTATTTGAATAATATCACCATAGAAAAAGAAGTTTGTCCTGAAGTAGCAGAATACAGGAATTGGTCAAAGCCGCAATGTCAAATTACAGGGTTTGCTCCTTTTTCCAAGGACAATTCAGTTCGGCTTTCTGCTGGTGGGGACATTTGGGTGACAAGAGAACCTTATGTGTCATGTGATCCCGGTAAATGTTATCAATTTGCACTTGGGCAGGGGACCACACTGGACAACAAACACTCAAATGGCACAATACATGATAGAATCCCTCATCGAACCCTTTTAATGAATGAGTTGGGTGTTCCATTTCATTTGGGAACCAAACAAGTGTGCATAGCATGGTCCAGCTCAAGTTGTCATGATGGAAAAGCATGGTTACATGTTTGTGTCACTGGGGATGATAGAAATGCGACTGCCAGTTTCATTTATGACGGAATGCTTGTTGACAGTATTGGTTCATGGTCTCAAAATATCCTCAGAACCCAGGAGTCAGAATGCGTTTGCATCAATGGGACTTGCACAGTAGTAATGACTGATGGAAGTGCGTCAGGAAATGCCGATACTAGAGTATTGTTCATTAGAGAGGGAAAAATTATCCATATTAGCCCATTGTCAGGAAGTGCTCAGCATATAGAAGAGTGTTCTTGTTATCCCCGATATCCAGATGTCAGGTGTGTCTGCAGAGACAACTGGAAAGGCTCTAATAGGCCCGTTATAGATATAAAAATGGCAGATTATAGCATTAATTCCGGTTATGTGTGTTCAGGGCTTGTTGGCGACACACCCAGGAGCGACGATAGCTCTAGCAACAGCAACTGCAGGGATCCTAATAATGAGAGAGGGAACCCAGGAGTGAAAGGGTGGGCCTTTGACAATGGAGATGATGTATGGATGGGAAGAACAATCAGCAAAGATTCGCGCTCAGGTTATGAGACCTTCAGGGTTATTGGTGGCTGGACCACACCTAATTCCAAGTCACAGGTCAATAGACAGGTCATAGTTGACAGTAATAACTGGTCTGGTTATTCTGGTATTTTCTCTGTTGAGGGCAAAAGCTGCATCAATAGGTGCTTTTATGTGGAGTTGATAAGAGGAAGGCCACAGGAGACTAGAGTATGGTGGACCTCAAATAGTATTGTTGT,,H9N2,N2
A/turkey/OH/313053_CIP046_RGJS44/2004,2004,NA,EPI845629,agcgaaagcaggagtaaagatgaatccaaatcaaaagataataacaattggctctgtttctctcatcattgccacaatatgcttccttatgcaaattgccatcctggtaactactgtaacattgcatttcaagcagcatgactgcaactcccccccaaacaaccaagtaatgctgtgtgaaccaacaataatagaaagaaacacaacagagattgtgtatctgaccaacaccaccatagagaaggaaatatgccccaaactagcagaatacagaaattggtcaaagccgcaatgtaacattacaggatttgcacctttttctaaggacaattcgattcggctttccgctggtggggacatctgggtgacaagagaaccttatgtgtcatgcgatcctgacaagtgttatcaatttgcccttgggcagggaacaacactaaacaacgggcattcaaatgacactgtacatgataggaccccttaccgaaccctattgatgaatgaattgggtgttccatttcatttgggaaccaggcaagtgtgcatagcatggtccagctcaagttgtcacgatggaaaagcatggctgcatgtttgtataactggggatgataaaaatgcaactgctagcttcatttacaatgggaggcttgtagatagtattggttcatggtccaaaaatatactcagaacccaggagtcggaatgcgtttgtatcaatggaacttgtacagtagtaatgactgatgggagcgcttcaggaaaagctgatactaaaatactattcattgaggaggggaaaatcgttcatattagcacattgtcaggaagtgctcaacatgtcgaggagtgctcctgttatcctcgatatcctggtgtcagatgtgtctgcagagacaactggaaaggctccaataggcccatcgtagatataaatgtaaaggattatagcattgtttccagttatgtatgctcaggacttgttggagacacacccagaaaaaacgacagcttcagcagtagccattgcctagatcctaacaatgaggaaggtggtcatggggtgaaaggctgggcctttgatgatggaaatgacgtgtggatgggaagaacgatcagcgagaagttacgctcaggttatgaaaccttcaaagtcatcgaaggctggtccaaacctaactccaaattacagacaaataggcaagtcatagttgaaagaggtaacaggtccggttattctggtattttctccgttgaaggcaaaagctgcatcaatcggtgcttttatgtggagttgataaggggaaggaaagaggaaactaaagtctggtggacctcaaacagtattgttgtgttttgtggcacctcaggtacatatggaacaggctcatggcctgatggggcggatatcaatctcatgcctatataagctttcgcaattttagaaaaaactccttgtttctact,1466,H3N2,N2
A/blue-winged_teal/Guatemala/CIP049-I_H116-17/2013,2013,NA,EPI1552610,agcaaaagcaggagtgaaaatgaatccaaatcagaagataataacaattggctctgtctctctgaccattgcaacagtatgtttcctcatgcagattgccatcttagcaacgactgtgacattgcatttcaaacaaaatgaatgcagcattcccccaaataatcaagtggtgccatgtgagccaatcataatagaaaggaacataacagagatagtgtatttgaataatactaccatagaaaaagaaatttgtcctgaagtaccagaatacaggaattggtcgaaaccgcagtgtcagattacagggtttgctcctttctccaaggacaactcaattcggctttctgctggtggggacatttgggtaacaagagaaccttatgtgtcatgcagtcccggtaaatgttatcagtttgcacttgggcaggggaccacgctaaacaacaaacactcaaacggtacaatacatgataggatcccacatcgaacccttttaatgagtgaattgggtattccatttcatttgggaaccaaacaagtgtgcatagcatggtccagctcaagttgtcatgatgggaaagcatggttgcatgtctgtgtcactggggatgatagaaatgcaactgctagtttcatttatgatgggatgcttgttgacagtattggttcatggtctcaaaatatcctcaggactcaggagtcagaatgtgtttgcatcaatggaacttgtacagtagtaatgactgatggaagtgcatcaggaagggctgatactagaatactattcattaaagaagggaaaatcatccacattagcccattgtcaggaagtgctcagcatatagaggaatgttcctgttacccccgatatccagatgttagatgtgtttgcagagataactggaagggctctaatagacccgttatagatataaatatggcagattacagcattgattccagttatgtatgttcagggcttgttggtgacacacctaggaacgatgatagctctagcagcagcaactgcagggatcctaacaatgagagagggaacccaggggtgaaagggtgggcatttgacaatgggaatgatgtttggatgggaagaacaatcagcaaagattcgcgctcaggttatgagaccttcagagtcaccgatggttggaccacggctaattctaagtcacaggtcaatagacaagttatagttgacaataataactggtctggttattctggtattttctctgttgaaggcagaagctgcatcaataggtgtttttatgtggagttaataagagggaggccacaggagaccagggtgtggtggacttcaaatagtatcgtcgtattttgtggtacttctggtacttatgggacaggctcatggcctgatggagcgaatatcaacttcatgcctatataagctttcgcaattttagaaaaaaactccttgtttctact,1467,H3N2,N2
A/chicken/Changzhou/c02/2013,2013,NA,EPI556440,agcaaaagcaggagtaaagatgaatccaaatcaaaagataataacgattggctctgtttctctcaccatttctacaatatgcttcttcatgcaaattgccatcttgataactactgtaacattgcatttcaagcaatatgaattcaactcccccccaaacaaccaagtgatgctgtgtgaaccaacaataatagaaagaaacataacagagatagtgtatctgaccaacaccaccatagagaaggaaatatgccccaaaccagcagaatacagaaattggtcaaaaccgcaatgtggcattacaggatttgcacctttctctaaggacaattcgattaggctttccgctggtggggacatctgggttacaagagaaccttatgtgtcatgcgatcctgacaagtgctatcaatttgcccttggacagggaacaacactaaacaacgtgcattcaaataacacagtacgtgataggaccccttatcggactctactgatgaatgagttgggtgttccttttcatctggggaccaagcaagtgtgcatagcatggtccagctcaagttgtcacgatggaaaagcatggctgcatgtttgtataacgggggatgataaaaatgcaactgctagcttcatttacaatgggaggcttgtagatagtgttgtttcatggtccaaagacattctcaggacccaggagtcagaatgcgtttgtatcaatggaacttgtacagtagtaatgactgatggaagtgcttcaggaaaagctgatactaaaatactattcattgaggaggggaaaatcgttcatactagcacattgtcaggaagtgctcagcatgtcgaagagtgctcttgctatcctcgatatcctggtgtcagatgtgtctgcagagacaactggaaaggctccaatcggcccatcgtagatataaacataaaggatcatagcattgtttccagttatgtgtgttcaggacttgttggagacacacccagaaaaaacgacagcttcagcagtagccattgtttggatcctaacaatgaagaaggtggtcatggagtgaaaggctgggcctttgatgatggaaatgacgtgtggatgggaagaacaatcaacgagacgtcacgcttagggtatgaaaccttcaaagtcattgaaggctggtccaaccctaagtccaaattgcagataaataggcaagtcatagttgacagaggtgataggtccggttattctggtattttctctattgaaggcaaaagctgcatcaatcggtgcttttatgtggagttgattaggggaagaaaagaggaaactgaagtcttgtggacctcaaacagtattgttgtgttttgtggcacctcaggtacatatggaacaggctcatggcctgatggggcggacctcaatctcatgcctatataagctttcgcaattttagaaaaaaactccttgtttctact,1467,H3N2,N2
A/turkey/Ohio/NVSL-001680-001/2024,2024,NA,EPI3006124,atgaatccaaatcacaagataataacgattggctctgtttctctaaccatttctgcaatatgcttcttcatgcaaattgccatcttactaactactgtaacattgcatttcaagcaatatgaattcaactcccccccaagcaaccaagtgatgcagtgcgaaccaacaataatagaaagaaacataacagagatagtgtatttaaccaacaccactatagagaaggaaatatgccctaaatcagcagaatacagaaattggtcaaaaccgcagtgtggcattacaggattcgcaccattatctaaggacaattcaattaggctttctgctggtggggacatctgggtgacaagagaaccttatgtatcatgcgatcctgaaaagtgttatcagtttgcccttggacagggaacaacgctaaacaacgtgcattcaaataacacagtacatgatagaaccccttatcggactctattgatgaatgagttgggtgttcctttccatctggggaccaagcaagtgtgcatagcatggtccagctcaagttgtcacgatggaaaagcatggctgcatgtttgtataacgggggatgataacaatgcaactgctagcttcatttacaatgggaggcttgtagatagtgttgtttcatggtccaaaaatatcctcaggactcaggagtcagaatgcgtttgtatcaatggaacttgtgcagtagtaatgactgatggaagtgctgcaggaaaagctgatactaaaatattattcattgaggaggggaaaatagttcatactagcaaattgtcaggaagtgctcagcatgtcgaagagtgctcttgctatcctcgatatcctggtgtcagatgtgtatgcagagacaactggaaaggatccaaccggcctatcgtagatataaacatagaggaccatagcattgtttccagttatgtgtgttcaggacttgttggagacacacccagaaaaaacgacagctccagtagtagccattgtttgaatcctaataatgaagaaggtggtcatggagtgaaaggctgggcctttgatgatgggaatgacgtgtggatggggagaacaatcaacgaggcggcacgcttagggtatgaaaccttcaaagtcattggaggctggtccaaccctaactcaaaactgcagataaataggcaagttatagttggcagtggtgataggtccggttattctggtattttttctgttgaaggcaaaagctgcatcaatcggtgcttttatgtggagttgattaggggaagaaaagaggaaactgaagtcttgtggacctcaaacagtattgttgtgttttgtggcacctcaggtacatatggaacaggctcatggcctgatggggcgaacctcaatctcatgcatatataa,1410,H3N2,N2
A/northern_shoveler/Mississippi/397/2010,2010,NA,EPI333614,tgcgaaatgaatccaaatcagaagataataacaatcggggtagtgaataccactctgtcaacgatagcccttctcattggagtgggaaacttagtcttcaacacagtcatacatgaaaaaataggagaccatcaaacagtgacccatccaacaataacgacccctgcgataccgaactgcagtgacactataataacatacaacaacactgtgataaacaacataacaacaacaataataaccgaagcagaaaggcctttcaagtctccactaccgctatgccccttcagagggttcttccccttccacaaggacaatgcaatacgactgggtgagaacaaagacgtcatagtcacaagggagccttatgttagctgtgacaatgacaactgctggtcctttgctctcgcacaaggagcattgctagggactaaacatagcaatgggaccattaaagacagaacaccatataggtctctaattcgtttcccaataggaacagctccagtgctaggaaattacaaggagatatgcattgcttggtcaagcagcagttgctttgatgggaaagagtggatgcatgtgtgcatgacagggaatgacaatgatgcaagtgcccagataatatatgcagggagaatgacagactccattaaatcatggagaaaggacatattaagaacccaggagtctgaatgccaatgcattgacgggacttgtgttgttgctgtcacagatggccctgctgctaatagtgcagatcacagggtttactggatacgagaggggaaagtaataaagtatgaaaatgttcccaaaacaaagatacaacacttagaagaatgttcctgctatgtggacattgatgtttactgtatatgtagggacaattggaagggttctaatagaccctggatgagaatcaacaacgagactatactggaaacagggtatgtatgcagcaaatttcactcggacactcccaggccagctgacccttcaacaatgtcatgtgactccccaagcaatgtcaatggtggacccggagtgaaggggtttgggtttaaagcaggcgatgatgtatggttaggtagaacagtgtcaactagtggtagatcgggctttgaaattatcaaagttacagaggggtggatcaactctcctaaccatgccaaatcgattacacaaacactggtgtccaacaacgactggtcgggctactcaggcagtttcattgtcaaaaccaaggactgttttcagccctgtttttatgttgagcttatacgagggaggcccaacaagaatgatgatgtctcttggacaagcaatagtatagttactttctgtggactagacaatgaacctggatcgggaaattggccggatggttccaacattgggtttatgcccaagtaatagaaaaaagca,1428,H1N3,N3
A/mallard/Denmark/77-64849-G2/2005,2005,NA,EPI174874,agataataacaattggtgtagtgaatactactctatcaacaatagcccttcttattggaattgggaatctgattttcaacactgttatacatgagaaaataggggaccaccaaactgttgtatatccaacaataacagccccggtgataccaaactgcagtgacaccataattacatacaacaacactgtagtaaacaacataacaacaacaataataactaaagcggaaaagcatttcaagtcctcactgccactgtgccccttccgaggtttcttcccctttcataaggacaatgcaatacgattgggtgaaaacaaagacgtaatagtcacaagggagccttatgtcagttgtgacaatgataattgctggtcttttgccctcgcccaaggggccctactggggactaaacacagcaatggaaccatcaaggacaggacaccatacagatcgctgatccggttcccaatagggacagctccagtactgggtaattacaaggagatatgtgttgcctggtcaagtagcagttgcttcgatggaaaggaatggatgcatgtttgcatgactgggaatgacaatgatgcgagtggccaaataatatatgcagggaaaatgacagactccattaaatcatggagaaaggatatactaagaactcaagagtctgagtgtcaatgcattgacgggacctgtgttgtagctgttacagatggtcctgcggctaatagtgcagaccaccgaatttactggatacgagaagggaagataataaaatatgaaaacattcccaaaacaaagatacaacatttagaggaatgttcttgttatgtggacatcgatgtatactgcatatgtagggacaattggaaaggttccaacaggccttggatgaggatcaacaatgagaccataatagaaacagggtatgtgtgtagcaaattccattcagatacccccaggccagccgatccttcaacagtatcatgtgattccccaagtaacgtcaatggaggacctggagtcaaaggatttggtttcaaaacgggtaatgatgtatggttgggaaggactgtatcaactagtggaagatcaggctttgaaatcatcaaagtcacagaggggtggatcaactcccccaatcatgctaagtcagttacacagacattagtgtcaaacaatgattggtcaggttactcagggagtttcattgtggagaacaatggctgctttcagccctgcttctatattgaacttatacgggggaggcccaataagaacgatgacgtttcttggacaagcaatagtatagttactttctgtgggctagacaatgaacctggatcgggaaattggcctgatggttccaacattgggttcatgcccaagtaa,1394,H1N3,N3
A/duck/Anhui/FA258/2013,2013,NA,EPI703438,atgaatccaaatcagaagataataacaattggtgtagtgaatactactctatcaacaatagcccttcttattggaattggaaatctgatcttcaacactgtcatacatgagaaaataggggaccaccaaactgtggtatatccaacaataacagccccaatggtaccaaactgcagtgacaccacaatcacatacaacaacactgtggtacataacataacaacgacaataataaccgaagcggaaaagcatttcaaatcttcactgccgctatgccccttccgaggtttcttcccctttcacaaggacaatgcaatacgattgggtgagaacaaagacgtaatagtcacaagggagccctatgtcagttgtgacaatgataattgctggtcctttgccctcgctcaaggggctctactggggactaaacacagcaatgggaccatcaaggacaggacgccatatagatcgctgatccggttcccaatagggacagctccagtactgggcaattacaaagagatatgtgttgcctggtcaagtagcagttgcttcgatggaaaggaatggatgcatgtttgcatgactgggaacgacaatgatgcgagtggccaaataatatatgcagggaaaatgacagactccattaaatcatggagaaaggatatactaagaactcaagagtctgaatgtcaatgcattgaagggacctgtgttgtagctgtaacagatggtcctgcggctaatagtgcagaccaccgaatttactggatacgagaaggtaaggtaatgaagtatgaaaacattcccaaaacaaagatacagcatttagaagaatgttcttgttatgtggacaccgatgtgtactgcatatgtagggacaattggaaaggttctaatagaccttggatgaggatcaataatgagaccatactagaaacagggtacgtatgtagcaaattccactcagatactcccaggccagccgacccttcgacagtatcgtgtgattccccaagtaatgttaatggaggacctggagtcaaagggtttggcttcaaaactggtgatgatgtatggctgggaaggactgtatcaaccagtggaaggtcaggctttgaaatcatcaaagtcacagaggggtggatcaactcccccaatcatgccaaatcagttacacaaacattagtgtcaaacaatgattggtcaggttactcagggagcttcattgttgagaacaatggctgctttcagccctgcttctatattgaacttatacggggaaggcccaataagaacgatgacgtttcttggacaagcaacagtatagttactttctgtggactagacaatgaacctggatcgggaaattggcctgatggttccaacattgggtttatgcccaagtaa,1410,H1N3,N3
A/white_fronted_goose/Korea/KNU-12/2023,2023,NA,EPI2873027,tgcaaaatgaatccaaatcagaagataataacaattggtgtagtgaatactactctatcaacaatagcccttcttattgggattggaaatctgatcttcaatactgtcatacatgagaaaataggggaccaccaaactgtggtatacccaacgataacagccccagtggtaccaaactgcaatgacaccacaatcacatacaacaacaccgtggtacataacatcacgacgacaataataaccgaagcggagaagcatttcaaatcctcattgccgctatgccccttccgaggtttcttcccctttcacaaggacaatgcaatacgattgggtgagaacaaagacgtaatagtcacaagggagccctatgtcagttgtgacaataatgattgctggtcttttgctctcgctcaaggggcactactggggactaaacacagcaatggaaccattaaagacaggacaccctatagatcgctgattcggttcccaataggaacagctccagtactgggcaattataaagagatatgtgttgcttggtcaagtagcagttgcttcgatgggaaggaatggatgcatgtttgtatgactgggaacgacaatgatgcgagtggccaaataatatatgcagggaaaatgacagactccattaaatcatggagaaaggatatactaagaactcaagagtctgaatgtcaatgcattgacgggacctgtgttgtagctgtaacagatggtcctgcggccaatagtgcagaccaccgaatctactggatacgagaaggtaaggtaatgaagtatgaaaacattcccaaaacaaagatacagcatttagaagaatgttcttgttatgtggacattgatgtgtactgcatatgtagggacaattggaaaggctctaatagaccttggatgagaatcaataatgagaccatactagaaacagggtacgtatgtagcaaattccactcagatacccccaggccagccgatccctcgacagtatcgtgcgattccccaagtaatgttaatggaggacctggagttaaagggtttggcttcaaaactggtgatgatgtatggctgggaaggactgtatcaaccagtggaagatcaggctttgaaatcatcaaagtcacagagggctggatcaactctcccaatcatgccaaatcaattacacaaacattggtgtcaaacaatgattggtcaggttactcagggagcttcattgttgagaacaatggctgctttcagccctgcttctatattgaacttatacggggaaggccaaataagaacgatgacgtttcttggacaagtaacagtatagttactttctgtggactagacaatgaacctggatcgggaaattggcctgatggttccaacattgggtttatgcccaagtaacagaaacaagca,1428,H1N3,N3
A/duck/Bangladesh/1798/2010,2010,NA,EPI540294,atgaatccaaatcaaaagataatatgcatttcagccacaggaatgacactatcggtagtaagcctgcttataggaattgccaatttgggcctaaacatcggactccattataaggtgggtgatacaccagatgtgagcatcccaaacatgaatgagaccaactcaacaacaacaataataaacaataatacccaaaataatttcacaaatatcactaacattatagtgaacaaaaacgaggaaaaaacattcctaaatctgaccaagcccctatgtgaggtaaactcatggcacatcttgtcaaaagacaatgcaataagaataggagaggatgctcatatactagtcacaagggagccctacctgtcttgcgatccacaaggctgcaggatgtttgctctgagccaaggaacaacactcagagggcgacatgcgaatgggactatacatgatagaagcccatttcgagctctcgtgagttgggagatgggtcaagcgcccagtccatacaatgttaaggtcgaatgcataggatggtcgagcacatcgtgccatgatggcatatcaagaatgtcaatatgcatgtcgggaccgaacaacaatgcatcagcagtggtttggtacagggggaggccagtaacagaaattccatcatgggcaggaaatattctcagaacccaagagtcagagtgtgtatgccataaaggaatctgtccagtagtcatgacggatggcccagcaaacaacagagcagcaactaagataatctatttcaaagagggaaagatacagaaaattgaagaactggcagggagtgcccagcacatcgaagaatgttcatgctatggggcagtcgaggtgatcaaatgcatatgcagagacaattggaaaggggcaaatagaccagtaattattataaaccctgaaatgatgacccacacgagcaagtatttgtgctcgaaggtcctaaccgatacaagtcgccccaatgaccccactaatgggaactgtgatgcgccaataacaggagggagccctgatcctggagtgaaggggtttgcgttcctagatggggagaattcatggcttggaaggacaattagcaaagactccaggtcgggctacgaaatgttgaaagtcccaaatgcagagaccgacacccaatcagggccaacatcacaccaagtaattgtcaacaaccaaaactggtcgggatactcaggggctttcatagactactgggcaaacaaagagtgcttcaatccttgtttttatgtggaactaatcagagggagacccaaggagagtagtgtactgtggacttcaaatagcattgtagctctctgtggatccaaagagcgattgggatcatggtcctggcatgatggtgctgaaatcgtctactttaagtag,1413,H3N6,N6
A/duck/Hunan/161/2015,2015,NA,EPI760215,atgaacccaaatcaaaagataacatgcatttcagcagcaggagtaacactatcggtggtaagcctgctaataggaatcgccaatttgggcctaaatatcggactacactacaaagtgagtgattcaacaactataaacattccaaacatgaatgagaccaaccaaacaacaacaaacatcactaacattatagtgagtaagaacgaagaaagaacatttctcaacttgaccaagccgctatgtgaagtcaactcatggcacattctatcgaaagacaatgcaataagaataggtgaggatgctcatatactggtcacaagggaaccttacttgtcctgtgatccacaaggatgcaggatgtttgctctgagtcaaggcacaacactcagagggcgacatgcgaatggaaccatacatgataggagcccatttcgagctcttataagttgggaaatgggtcaggcacccagtccatataatactagggtcgaatgcataggatggtcaagcacgtcatgccatgatggcatatcaaggatgtcaatatgcatatcaggaccgaataacaatgcatcggcagtggtgtggtacagggggagaccagtaacagagatcccatcatgggcagggaacattcttaggactcaagaatcagaatgtgtgtgccataaaggagtctgcccagtggtcatgacagatggtccagcaaacaacaaggcagcaactaagatagtctacttcaaagagggaaagatacagaaaattgaagaactgcaagggaacgctcaacacatcgaagagtgttcatgctacggagcagcagggatgatcaaatgtgtatgcagagacaattggaagggggcaaatagaccaataatcactatagaccccgaaatgatgacccacacaagcaaatacgtgtgttcaaaaatcttaaccgacacaagtcgtcctaatgaccccaccaatgggaactgcgttgcgccaataacaggagggagcccagacccaggggtaaaagggtttgcattcctagacggggagaattcatggcttggaaggacagttagcaaagactccagatcaggctacgaaatgttaaaggtcccaaatgcagaaaccgacactcaatcagggccaacttcataccagctgattgtcaacaaccaaaattggtcagggtactcaggggcattcatagactactgggcaaacaaggaatgcttcaatccttgtttttatgtggagctaatcagagggagacccaaagagagtgatgtactgtggacttccaatagcatggtagctctctgtggatccagggagcgattgggatcatggtcctggcatgatggtgcagaaatcatctactttaagtag,1380,H3N6,N6
A/mallard/Pennsylvania/23-028155-004-original/2023,2023,NA,EPI3364154,atgaatccaaatcagaagataatatgcatctcagcaacaggaatgacactatccgtagtaagtctgctaataggattggccaacctgggactgaacattgggcttcatttcaaggtaggagacacaccagaaacgggaccccctagtaccaatgagacaaactccacaaccacaataatcaactacaacacccaaaacaacttcacaaatgtgacaaacattgtgttaattaaagaagaaaacaaaatgttcacaaacctttctaaacccttgtgtgaagtaaactcctggcacattctatctaaggataatgcgatcagaataggggaggatgcccacatccttgtcacaagagaaccatatctctcatgtggaccacatgagtgcagaatgtttgccctcagccaaggtaccacattaaggggtcgacatgcaaatgggactatacatgacagaagcccgtttagggcattaataagttgggaaatggggcaagcaccgagtccatacaatgtcagagtagaatgtgttggatggtccagcacttcatgtcatgacggcatctcaagaatgtcaatctgcatgtcaggccctaataacaatgcttcagcagtggtttggtacaatggaaggccagtcaccgaaattgcttcatgggcagggaatatattaaggactcaggaatcggaatgtgtatgccataatggaatatgcccagtggtgatgacggatggtccagccaataacagagcagaaacaaaaataatttatttcaaagaggggaaaatacagaagatagaggaactgacaggaagcgcacagcatatagaagaatgctcgtgctatggagcagaagaggttatcaaatgcatttgtagggacaattggaaaggtgcaaatagaccagtaatcaccataaatccaacagcaatgactcacacgagcaaatacttgtgttcaaagatcctaactgacacaagtcggcctaatgatcccggaagtgggagctgtgatgcaccgataacaggagggagcccagaccctggtgtaaaaggatttgcattcttagatggagggaactcctggttgggaaggaccataagcaaagattcaagatcagggtatgagatgctaaaagttccgaatgcggaaacagacaatcaatccggtccagttgcacatcaggtaatagtgaacaatcaaaactggtcaggatactcaggagcattcatcgattattgggctgacagagactgcttcaatccttgcttctatgtggaactgatcagaggcaggccaaaagagagtagtgtactgtggacgtccaatagtatagtagcactttgtggatccaaggagcgattgggatcttggtcatggcatgacggggctgaaatcatctactttaagtag,1413,H3N6,N6
A/American_black_duck/New_Brunswick/00620/2010,2010,NA,EPI435003,gtgaagatgaatccaaatcagaagataatatgcatctcagcaacaggaatgacactatccgtagtaagtctgctaatagggttggccaacttggggctgaacattgggcttcatttcaaagtaggagacacaccggaaacaggaacccctagcaccaatgagacaaactccacaaccacaataatcaactacaatacccagaacaatttcacaaatgtgaccaatattgtgctaattaaagaagaaaacaaaatgttcacaaacctttctaaacccttgtgtgaagtgaactcatggcacatcctatccaaggacaatgcgattagaataggagaggacgcccacatacttgtcacaagagaaccatatctctcgtgtggaccacacgagtgcagaatgtttgctctcagccaaggcaccacactaaggggtcggcatgcaaatgggactatacatgacagaagtccgtttagagcattaataagttgggaaatggggcaagcaccaagcccatacaataccagagtagaatgtgtgggatggtccagcacctcatgccatgacggcatctcgagaatgtcaatctgcatgtcaggacctaataacaatgcttcggcagtggtctggtacaagggaaggccagtcaccgaaattgcttcgtgggcaggaaacatattaaggactcaggaatcagaatgtgtatgccataatgggatatgtcctgtggtgatgacagatggcccagctaataacagagcagaaacaaaaataatttacttcaaagaggggaaaatacagaaaatagaagaattgacaggaagtgcacagcatatagaagaatgctcatgctatggagcaaaagaaatgattaaatgcatttgcagggataattggaagggtgcaaatagaccagtaatcaccataaacccaaaaacaatgactcacacgagcaaatacttgtgttcaaagatcctaactgacacaagtcgacctactgaccccggaagcgggaactgtgatgcaccgataactggagggagcccagatcctggcgtaaagggatttgcattcttagatggggggaactcctggttgggaagaaccataagcaaagattcaaggtcaggatatgagatgctaaaagtcccaaatgcggaaacagacaatcagtccggtccagttgcacatcaggtgatagtaaacaaccaaaactggtcggggtactcaggagcgtttatcgattattgggctgataaagagtgcttcaatccttgcttttatgtggaattgatcagaggcaggcccaaagaaagtagtgtattgtggacatccaatagtatagtagcgctctgtggatccaaggagcgattgggatcttggtcgtggcatgatggggctgaaatcatctactttaagtagaaaagattttggaaaaacac,1439,H3N6,N6
A/gray_plover/Chile/C1313/2015,2015,NA,EPI764907,atgaatcctaatcaaaaattattcgcactctctggagtggccatagcactgagcatcctcaacctactaataggaatatccaatgtgggactgaatgtctcactacacttaaagggaagcaatgaccaagataaaaattggacatgcacgagtgtaacacagaacaatacgactttaattgaaaacacatatgtcaacaatactactgtcatcaataaggaaacagggactgcaaagccaaattacctaatgctgaacaagagcttatgcaaagttgaaggatgggtagtggtggccaaggacaatgccataagattcggtgaaagtgaacaaataatagtgacaagagagccgtatgtgtcatgtgatccattaggatgtaagatgtacgcactgcatcaagggacaaccattagaaacaagcattcaaacggaacaatacacgacaggactgctttcagaggcttgatatcaactcctttggggagcccccctgtagtcagcaatagtgactttctttgtgtaggatggtcaagcaccagttgccatgacggcatcgggcggatgaccatttgtgtgcagggaaataatgacaacgcaacagctacagtgtactatgaccgaaggctcactaccacaataaaaacatgggcaggaaacatccttaggacgcaagagtcggaatgtgtatgccacaatggaacatgtgtcgtaataatgactgatggatcggcaagcagccaagcatatacaaaagttttatatttccacaaaggactagtaataaaagaggaatcccttaaaggatcagccagacacatagaggagtgctcatgctatgggcacgattcaaaggtgacttgtgtatgcagggacaactggcaaggagccaatagaccagtgattgaaatagatatggacgccatggagcatacaagtcaatatctatgtacaggagttctcactgacactagcagaccatcagacaaatcaatgggagactgtaataatccgatcactgggagtccgggagcccctggggtcaaaggatttggcttcctggatagtagcaatacatggttgggccgcacaataagccctcgttccaggagtggttttgagatgttgaagatacccaatgctgagacagacccaaattctaaaatcaccgagaggcaagaaatagttgacaacaacaattggtcaggatactcaggaagtttcattgactattgggatgagggcagtgagtgctacaacccctgtttttatgttgaattaataagaggaaggcctgaagaagccaagtatgtttggtggacgagcaacagtttagttgcactatgtggaagcccaatctcagttgggtccggttccttccccgatggggcacaaatccaatacttttcgtaa,1413,H9N7,N7
A/shorebird/Delaware_Bay/31/1996,1996,NA,EPI344272,gtgattgagaatgaatcctaatcaaaaattatttgcactctctggagtggccatagcattgggtatcctcaacctactgataggaatatccaatgtggggctgaatgtctcactacacttaaagaacaacaatgaccaagataaaaattggacgtgcacaagtataacacagaacaacacgacgttaattgaaaacacatatgtcaacaatactactgtcatcaataaagaaacggaaactgcaaagcaaaattacctaatgctgaacaaaagcttatgcaaagttgaaggatgggtagtggtggctaaggacaatgctataagatttggtgaaagtgaacaaataatagtgacaagagagccgtatgtgtcatgtgatccattagggtgtagaatgtacgcattgcaccaaggaacaaccattagaaacaagcattcaaacggaacaatacacgacaggactgctttcagagggttaatatcaactcctttaggaagcccccctgtagttagcaacagtgactttctttgcgtgggatggtccagcactagttgccatgacggcatcggaaggatgaccatttgtgtgcagggaaataatgataatgcaacagctacagtatactatgaccgaagactcactaccacaataaaaacatgggcaggaaacatccttagaacgcaagagtctgaatgtgtatgtcacaatggaacatgtgtagtagtaatgaccgatggatcagcaagtagtcaggcatatacaaaggttttgtattttcacaaaggactaataataaaagaggaagccctcaaaggatcagccaggcacatagaggaatgctcgtgttatggacacagttcaaaggtaacttgtgtatgcagggacaactggcaaggagctaacagaccggtgatcgaaatagatatgaatgccatggagcatacaagtcagtatctgtgcacaggagtcctcacagacacgagcagaccatcagacaaatcaataggagactgtaacaacccgatcactgggagtccgggagctcctggagtcaaaggatttggtttcctagatagtagcaatacatggttgggccgcacaataagtccccgttccaggagtggctttgagatgttgaagatacctaatgctgggacagatccaaattctagaatcactgaaaggcaagaaatagttgacaacaacaattggtcaggatactcaggaagtttcattgactactgggatgaaagcagtgaatgctacaacccctgtttctacgttgaattaataagaggaaggccagaagaagccaaatatgtttggtggacgagcaacagcttagttgcactatgtggaagcccagtcccagttgggtccggttctttccccgatggggcacaaatccaatacttttcgtaaattgcaaaaacac,1436,H9N7,N7
A/duck/Thailand/CU-8319T/2010,2010,NA,EPI476585,gcagggtgattgagaatgaatccaaatcagaaactatttgcattatctggagtggcaatagcacttagtgtactgaacttattgataggaatctcaaatgtcgggttgaatgtatctctacatctaaaggaaaaaggacccaagcaagaagaaaattcgacatgcacgaccattaatcaaaacaacactactattgtggaaaacacatatgtgaacaatacaacaataatttccaaggaaactgagttaaaaacaccaaactacctgctgttgaacaagagcctatgcaatgttgaaggatgggtcgtgatagcgaaagacaatgcagtaagattcggggaaagtgaacaaatcattgttaccagagagccgtacgtatcatgcgatccaacaggatgcaaaatgtatgccttgcaccaagggaccaccatcaggaacaaacattcaaatggaacaattcatgacagaacagctttcagaggtctcatttccactccattgggcactccaccaaccgtaagtaacagtgacttcatatgtgttggatggtcaagcacaacttgccatgatgggattggtagaatgactatctgcatacaaggaaataatgacaacgctacagcaacggtttattataacagaaggctgactactaccattaagacctgggctagaaacattctgaggactcaagagtcagaatgtgtgtgccacaatggcacatgtgcagttgtaatgactgacggatcggctagtagtcaagcctatacaaaagtaatgtacttccacaaggggttagtaattaaggaagaggcattaaagggatcagccagacacattgaggaatgctcctgttacggacacagtcaaaaggcaacctgtgtgtgcagggataactggcagggagcaaataggcccattatagaaattgatatgaacacattggagcacacaagtagatacgtgtgcactggaattctcacagacaccagcagacctggggacaagtctagtggcgattgttccaatccaataactggaagtcctggcgctccgggagtgaagggattcgggtttttaaatggggataacacatggctgggtaggaccatcagccccagatcaagaagtggattcgaaatgttgaaaatacctaatgcaggtactgatcccaattctagaatagcagaacggcaggaaattgtcgacaataacaattggtcgggctactccggaagctttattgactattgggataatgacagtgagtgctacaatccatgcttctacgtagagttgattagaggaagacccgaagaggctaaatatgtatggtggacaagtaacagtctaattgccctatgtgggagcccattcccagttgggtccg,1390,H9N7,N7
A/black-headed_gull/Poland/P075/2021,2021,NA,EPI2618302,gtgatcgagaatgaatccaaatcagaaactatttgcattatctggagtggcaatagcactcagtgtgctgaacctattgataggaatctcaaatgtcggattgaatgtatctctacacctaaggggagaagggcccaaacaagaagagaacttaacatgcacgaccattaatcaaaacaatactactgttgtggaaaacacatacgtaaataatacaacaataattaccaaggaaactgaattgaaaacatcaagctatctgctgttaaacaagagcctatgtaatgttgaagggtgggtcgtgatagcaaaagacaatgcagtaagatttggggaaagtgaacaaatcattgttactagggagccatatgtgtcatgtgacccagcaggatgtaaaatgtatgccctgcaccaaggaactaccattaggaacaaacattcaaatgggacaattcacgacagaacagctttcagaggtctcatctccactccactgggcactccaccaaccgtaagtaacagtgactttatgtgtgttggatggtcaagcacaacttgtcatgatgggatcggtagaatgactatctgtatacaaggaaacaatgacaatgctacagcaacggtttactataacagaaggcttaccactaccattaagacctgggccaggaacattttgaggacccaagagtcagaatgtgtgtgccacaatggcacatgtgcagttgtaatgactgacggatcagctagtagtcaagcctatacaaaggtgatgtacttccacaatgggttagtaataaaggaagaggcactgaagggatcagccagacacattgaggaatgctcctgctacggacacagccaaaaagtaacctgtatatgcagggataactggcagggggcaaatagacctattatagaaattgatatgaacacattggagcacacaagtagatacgtgtgcaccggaatcctcacagacaccagcagacctggggacaaatccagtggtgattgttccaatccaatcactgggagtcctggcgctccaggagtgaagggatttgggttcctaaatggggataatacatggcttggtaggaccatcagtcccagatcaagaagtggatttgaaatgttgaaaatacctaatgcaggtactgatcccaattccagaatagcagaacgacaagaaattgtcgacaataacaattggtcaggctattccggaagcttcattgactattggaacgataacagtgaatgctacaacccgtgtttctacgtagagttaattagaggaagacccgaagaggctaaatatgtttggtggacaagtaacagtttaattgccctatgtgggagcccattcccagttgggtccggttccttccccgatggggcacagatccaatacttttcgtaaaatgcaaaaacac,1439,H9N7,N7
A/CK/AL/75_CriadosLab,1975,NA,EPI242189,ttaaaatgaatccaaatcagaaaataataaccattggatcagtatccttaggattggtggtcctcaatattcccctacatatagtcagcattacgataacagtgttagttctccctggagacggaaacaatgggagttgcaatgagacagtcatcagggaatacaatgaaacagtaaggattgagaagataacacaatggcacaataccaatatcattgagtatatagagaaaccagagagtgatcttttcatgaataatacagagccattgtgtgatgctaagggttttgcacctttttccaaagacaatggtataagaattggatcgagaggtcatgtttttgttataagggaaccatttgtttcttgctcgcccacagagtgcagaacgttcttccttactcaaggttccctactcaatgacaaacattccaatggcacagtgaaagatcggagcccctatagaactttaatgagtgtaggaatagggcaatcacccaatgtgtaccaggcaaggtttgaagcagtagcgtggtcagctactgcatgccatgatggaaagaaatggatgataattggagtaactggccctgatgctaaagcagtagcagtggtgcattatgggggaattcccactgatgtaattaattcctgggccggagatattttaagaactcaggaatcatcatgtacttgcattcaaggtgagtgttattgggtaatgacggatggaccagcaaacagacaagcacaatacagagcattcaaagccaaacaggggaaaataattgggcaaactgaaatcagtttcaatggaggccatatagaagaatgctcatgctaccccaatgaagggaaagtggaatgtgtttgtagggataattggactggaaccaacaggccggtattggtgatttcttcagatttgtcttacagagtcggatacttgtgtgcaggtctccccagtgacaccccaagaggagaagacaatcagttcacgggatcatgcactagtcccatgggaaaccaggggtatggagttaagggatttggattcagacagggcaatgatgtatggatggggagaaccattagcagaacatcgagatcagggtttgaaatcctgaaagtcagagatggctggatacaaaacagtaaagagcagatcaaaaggcaagttgtggttgacaatttaaattggtcaggatacagtggttccttcacactaccggtggaattaacaagaagaaattgtctggttccatgtttttgggttgagatgataaggggcaagccagaagaaaagacgatgtggacctcaagtagctccattgtaatgtgtggagtagatcatgagattgccgattggtcgtggcacgatggagctattcttccttttgacatcgataagatgtagtttacg,,H4N8,N8
A/TKY/CA/358533/05_CriadosLab,2005,NA,EPI159709,agtttaaaatgaatccaaatcagaaaataataaccattgggtcagtatccttgggattggtagtcctcaatattctcctacatatagttagtattacaataacagtgttagttctccctggaaatggaaataatgggaactgcaatgaaacagtcattagggaatacaatgaaacagtacggattgagaaggtaacacaatggcacaataccaatgtcattgaatatatagagaggtcagagagtgatcatttcatgaataatacggaagcattgtgtgatgccaagggttttgcacccttttccaaagacaacggaataagaattggatcgagaggtcatgtttttgtcataagggaaccatttgtttcttgctctccaacagagtgcaggacgttcttccttactcaaggttccctactcaatgacaaacattctaatggcacagtgaaagatcggagcccctatagaactctaatgagtgtagaaatagggcaatcacccaatgtgtaccaagcaaggtttgaggcagtagcgtggtcggctactgcatgtcatgatgggaagaaatggatgacaattggggtgacgggccctgataccaaggcagtagcagtggtgcattatgggggaattcctactgatgtgatcaattcctgggcaggggatattctaagaactcaggaatcatcatgcacttgcattcaaggtgaatgttattgggtaatgacggatggaccagcaaacagacaagcacaatacagagcattcagagccaagcaggggaagataattgggcaagttgaaatcagtttcactggaggccatatagaagaatgctcatgctaccccaatgaaggcaaagtggaatgtgtttgtagggacaactggactggaaccaacagaccagtattggtgatttctccagatttgtcttacagagtcggatacttatgtgcaggcctccccagtgatactccaagaggagaagatagtcagtttacgggatcatgcactagccccatgggaaatcaaggatatggagttaaaggatttggattcaggcagggcaatgatgtatggataggaaggaccattagcagaacatcaagatcagggtttgaaatcctgaaaatcagaaatggctgggtacaaaacagtaaagagcagatcaaaaggcaaattgtggttgataacttgaattggtcaggatacagtggttctttcacattaccagtggagttaacaaaaagaaattgtctggttccctgcttttgggttgagatgataaggggcgagccggaagaaaagacgatatggacctcaagtagctccattgtgatgtgtggagtagaccatgagattgccgactggtcatggcacgatggagctattcttccttttgacatcgataagatgtaatttacgaaaaaact,,H4N8,N8
A/Mallard/Alberta/356/2023,2023,NA,EPI3230300,agtttaaaatgaatccaaatcagaaaataataaccattgggtcagtgtccctaggattggtagtcatcaatattatcctacatatagttagtattacagtaacggtgttagttctccctggggatggaaataatgggagctgcagtgaaacaatcattagggaatacaacgaaacagtacggattgagaaggtaacacagtggcacaacaccaatgtcattgagtatatagagagatcagagagtggtcagtttatgaataatacagaagcattgtgtgatgtcaagggttttgcacccttttccaaagacaacggaataagaattggatcgagaggtcatgtttttgtcataagggagccatttgtttcttgctctccaacagagtgcagaacgttcttccttactcaaggttccctactcaatgacaagcattctaatggcacggtgaaggatcggagtccctatagaactctaatgagtgtagaaatagggcaatcacccaatgtgtaccaggcaagatttgaggcagtagcatggtcggctactgcatgtcatgatgggaagaaatggatgacaattggagtaacgggccctgatgccaaggcagtagcagtagtgcattatgggggaatccctactgatgtggtcaattcttgggcaggggacattctaagaactcaggaatcatcatgcacctgcattcaaggtgaatgctattgggtgatgacggatggaccagcaaacaggcaagcacaatacagagcattcaaagctaaacaggggaaaataattgggcaagttgaaatcagtttcaatggaggccatatagaagaatgctcatgttaccccaatgaaggtaaagtggagtgtgtttgtagggacaactggactggaaccaacaggccagtattggtgatttctccagatttgtcttacagagtcggatacttatgtgcaggtctccccagtgacaccccaagaggggaagatagtcagttcacggggtcatgcactagccccatgggaaaccaggggtatggagttaaaggatttgggttcaggcagggcaatgatgtatggatgggaaggaccattagcagaacgtcaagatcagggtttgaaatcctgaaaatcagaaatggctgggtacaaaacagtaaagagcagatcaagaggcaagttgtagttgataacttaaattggtcaggatacagtggttctttcaccctaccagtggagctaacaaaaagagattgtctggttccatgcttttgggttgagatgataaggggcaagccggaagaaaagacgatatggacctcaagtagctccattgtgatgtgtggagtagaccatgaaattgccgactggtcgtggcacgatggagctattcttccttttgacatcgataagatgtgatttacgaaaaaact,1435,H3N8,N8
A/chicken/Jiangxi/10598/2022,2022,NA,EPI2595394,atgaatccaaatcagaaaataataaccattgggtcggtatccttaggatcggtagtccttaatattctcctacatatagctagcattacagtgacagtgttggttctctctagaaacggaaacaatcgaaattgcaatgagacggtcattagggaatacaatgaaacagtaaggattgagaaggtaacacaatggcacaatactaatgtcattgagtatatagagagaccggaaaatgatcatttcatgaacaatacagaagcattatgtaatgctaagggtttcgcacccttttccaaagacaacggaataagaattgggtcgagagggcatgtttttgtcataagggagccatttgtttcttgctcgccaacagaatgcagaacgttcttccttactcaaggttccttactcaatgataagcactctaatggcacagtcaaggaccggagcccctatagaactctaatgagtgtagaaatagggcaatcacccaatgtgtaccaggcaagatttgaagcagtagcgtggtcagctactgcatgtcatgacgggaagaaatggatgacaattggagtgactggccctgatgccaaagcagtggcagtggtgcattatgggggaatccctactgatgtaatcaattcctgggcgggagatattctaagaactcaggaatcatcatgcacttgcattcaaggtgaatgtttttgggtaatgacagatggaccagcaaatagacaagcgcaatacagggcgtttaaagccaagcaggggaaaatagtcgagcaagctgaaatcagtttcaatgggggccatatagaagaatgctcatgctaccccaatgaaggtaaagtggagtgtgtctgtagagacaattggaccggaaccaacaggccagtgttggtgatttctccagatttgtcttatagagtcgggtacctgtgtgcaggtctccccagcgacacaccaagaggagaagatagtcagttcacgggatcatgcaccagtccaatggggaaccaggggtacggagttaagggatttggattcaggcagggcaatgatgtatggatgggaaggaccattagcagaacgtcaagatcgggttttgaaattttgaaagtcagaaatggctgggtacaaaacagtaaagagcaaatcaaaaggcaagttgtggtcgataactcaaattggtcaggatacagtggttctttcacactaccagtggagttaacaaaaagaaattgtctggttccatgtttttgggttgagatgataagggggaagccggaagaaaaaacgatatggacctcaagtagctccattgtgatgtgtggagtagactatgagattgccgactggtcatggcacgatggagctgttcttccttttgacatcgatgagatgtag,1413,H3N8,N8
A/spot_billed_duck/Korea/KNU-23/2022,2022,NA,EPI2873131,agtttaaaatgaatccaaatcagaaaataataaccattgggtcagtatccttaggattggtagtccttaatattctcctacatatagttagcattacagtaacagtgttggttctccctggaaacgaaaataatggaagttgcaatgagacagtcattagggaatacaatgaaacagtgaggattgagaaggtaacacaatggcacaataccaatgtcattgagtatatagagagaccggagaatgatcatttcatgaacaatacagaagcattgtgtgatgctaaaggtttcgtacccttttccaaagacaacggaataagaattggatcgagagggcatgtttttgtcataagggagccatttgtttcttgctcgccaacagagtgcagaacgttcttccttactcaaggttccttactcaatgacaaacattctaatggcacagtcaaggaccggagcccttatagaactctaatgagtgtagaaatagggcaatcacccaatgtgtaccaggcaaggtttgaagcagtggcgtggtcagctactgcatgtcatgacgggaagaaatggatgacaattggagtgacgggccctgatgccaaagcagtggcagtggtgcattatgggggaatccctactgatgtaatcaattcctgggcgggagatattctaagaactcaggaatcatcatgcacttgcattcaaggtgaatgtttttgggtaatgacagatggaccagcaaatagacaagcgcaatacagggcgtttaaagccaagcaggggaaaatagtcgggcaagctgaaatcagttttaatggaggccatatagaagaatgctcatgctaccccaatgaaggtaaagtggagtgtgtttgtagggacaattggaccggaaccaacaggccagtattggtgatttctccagatttgtcttatagagtcgggtacctgtgtgcaggtctccccagtgacacaccaagaggagaagatagtcagttcacaggatcatgcactagcccaatgggaaaccaggggtacggagttaagggatttggattcaggcagggcaatgatgtatggatgggaaggaccattagcagaacatcaagatcgggatttgaaattctgaaagtcagaaatggctgggtacaaaacagtaaagagcagatcaaaaggcaagttgtggtcgataatttaaattggtcaggatacagtggttctttcacactaccagtggagttaacaaaaagaaattgtctggttccatgtttttgggttgagatgataagggggaagccggaagaaaaaacgatatggacctcaagtagctccattgtgatgtgtggagtagactatgagattgccgactggtcatggcacgatggagctattcttccttttgacatcgataagatgtagtttacgaaaaaact,1435,H3N8,N8
A/Duck/Mongolia/2021-MG04/2021,2021,NA,EPI2256872,agcaaaagcaggagtttaaaatgaatccaaatcagaaaataataaccattgggtccatatcattgggtttggttgtattcaatgtcctattacatgtcgtgagcatcataataacagtattagtcctggggaaaggtggaaacaatggggtctgcaacgaaacaatagtgagggaatacaacgagacagtcagaatagagaaggtaactcaatggcacaatactagtgtagtcgaatacttgccatattggaatgagggcacttacatgaataatacagaagcaatatgtgatgtcaaaggctttgctcctttctccaaggacaacggaataagaattggttccaggggacatgtctttgttataagggagccctttgtttcttgttcgcccatagagtgcagaactttctttctcactcaggggtctttgctcaatgacaaacactcgaatgggacggtaaaggatagaagcccatttaggactctcatgagtgtcgaagtgggccaatcacccaatgtataccaagccagatttgaagctgtggcatggtcagcaacggcctgtcacgatggaaaaaagtggatgacagttggtgtaacagggcctgattccaaagcagtagcagtgattcattatggaggagtgcctactgacgtcatcaattcttgggcaggagatatattgagaactcaggagtcttcctgcacttgcatccaaggtgattgctattgggtaatgactgatggccccgccaataggcaggcacagtatagaatatacaaagcgaagcaaggcagaatagttggccaaacagatgtaaactttaatggaggacacattgaagagtgctcttgctaccccaatgatggtaaagtggaatgcgtgtgtcgagacaattggacaggaaccaatagacctgtattggttatctcgcctgatctctcttacagagttgggtatttgtgtgcagggctgcccagtgatactccaagaggggaagatgcccaatttactggttcatgcactagtcccatggggaatcaggggtacggggtaaaaggcttcggatttcggcaggggactgatgtttggatggggcgaacaattagtcgaacctctaggtcaggatttgaaatactgagagtaaagaatggttggacacaaacaagcaaagagcaggtgagaaaacagatagttgttgataatttgaattggtcaggatacagtggatctttcaccctgccagttgaattgactgggaaagactgcctggttccctgtttttgggttgagatgatcaggggcaagccagaagagaagacaatctggacttccagcagctccattgtgatgtgtggagtagattatgaagttgccgattggtcatggcacgatggagctattcttccctttgacatcgataagatgtagtttacgaaaaaaactccttgtttcgtaaact,1464,H3N8,N8
A/Mallard/MN/263/99_CriadosLab,1999,NA,EPI238553,gtcaagatgaatccaaatcagaagattctatgcacttctgccactgctattgtaataggcataattgcagtactaataggaatagcgaacttagggttgaatataggattacatctgaaaccaaactgcaactgctcacactcacaacctgaagcaaccaatgcaagccaaacaataataaacaactactataacgaaacaaacatcacccaaataagtaataccaacatccaaatggaggaaaaggcaggtagagaattcaataacttgaccaaaggactctgcactataaattcatggcacatatatggaaaagacaatgcggtaagaattggggaggactcagatgttctagtaacgagagaaccctatgtctcctgtgatccagatgagtgcaggttctatgctctcagccaagggacaacgattagagggaaacactcaaatggaacaatacacgacagatcccagtaccgcgccctgataagctggccactgtcatcaccacccacagtatacaacagcagggtagagtgcattggttggtcaagtactagttgccatgatggtagagccaggatgtcaatatgtatatcaggcccgaacaacaatgcatcagcagtaatctggtacaatagaaggcctgttacagaaatcaatacatgggctcgaaacatactacgtacacaagaatctgaatgcgtatgccacaacggtgtctgcccggtagtgttcacagatgggtccgccactggacctgcagaaacaagagtatactattttaaggaagggaaaatactaaaatgggaacctctgactggaactgctaaacacattgaagaatgctcatgctacggggaacaagcaggtattacttgcacgtgcagggataattggcagggctcaaatagaccagtaattcaaatagatccagtagcgatgacacatactagtcagtatatatgtagccctgttcttacagataatccccgaccgaacgacccagctgtaggtaagtgtaatgacccttatccgggaaataacaacaatggagtcaagggattttcatacctggatggaggtaacacttggctagggaggacgataagcacggcttcaagatctggatacgagatgctaaaggtgccaaatgcattgactgacgataggtcaaaacccactcaaggccaaacaatcgtattaaacactgactggagtggatacagtgggtccttcatggactattgggccgagggggagtgctaccgagcgtgtttttatgtagagttaatacgcggaagacccaaggaggacaaagtatggtggaccagtaatagcatagtatcgatgtgttccagcacagaattccttggacaatggaactggcctgatggggctaaaatagagtacttcctctaagacacagaaaaaagac,,H4N9,N9
A/RT/DE/1044/02_CriadosLab,2002,NA,MN037500,caaaagcagggtcaagatgaatccaaatcagaagattctatgcacttctgccattgctattgtaataggcacgattgcagtactaataggaatagcgaacttaggattgaatataggactacatctgaaaccgaattgcaactgctcacactcacaacctgaagcgaccaatacaagccaaacaataataaacaactactataatgaaacaaacatcacccaaataagtaacaccaacatccagatggaggaaaaggcaagtagagagttcaacaacttgaccaaaggactctgcactataaattcatggcacatatatgggaaagacaatgcagttagaattggggaggactcagatgttttagtaacgagagaaccctatgtctcctgtgatccagatgagtgcaggttctatgctctcagccaaggaacaacaattagaggaaaacactcaaatggaacaatacacgatagatcccagtaccgcgccctgataagctggccactgtcatcaccacccacagtatacaacagcagggtagaatgcattggttggtcaagcactagttgccatgatggtagagccaggatgtcgatatgtatatcaggcccaaacaacaatgcgtcagcagtagtctggtacaatagaagacctgttacagaaatcaatacgtgggcccgaaacatactgcggacacaagaatctgaatgcgtatgccacaacggtgtctgcccggtagtgttcacagatgggtctgccactggacctgcagaaacaagagtatactattttaaagaagggaaaatactaaaatgggaacctctggctggaactgctaagcatattgaagaatgctcatgctacggggaacaagcaggtatcacttgcacgtgcagggataattggcagggctcaaatagaccagtaattcaaatagatccaatagtgatgacacatactagtcagtatatatgtagccctgttcttacggataatccccgaccgaacgacccagccataggtaagtgtaatgacccctatccaggaaataacaacaatggggtcaaaggattttcatacctggatggaggtaatacttggctaggtagaacaattagcacagcttcaagatctggatacgagatgctaaaggtgccaaatgcattgaccgacgataggtcaaaacccactcaaggccaaacaatcgtattaaatactgactggagtggctacagtgggtccttcatggactattgggccgagggggagtgctaccgagcgtgtttttatgtggagttgatacgcggaagacccaaggaggacaaagtatggtggaccagcaatagtatagtatcgatgtgttccagcacagaattccttggacaatggaactggcctgatggggctaaaatagagtacttcctctaagacacagaaaaaagacccttgtttctac,,H9N9,N9
A/duck/Guangdong/455/2000,2000,NA,EPI470337,atgaatccaaatcagaagattctatgcacttcagccactgctatcgtaataggcataattgcagtactcataggaatagcaaatctggggttgaacatagggctacatctaaaaccgagctgcaattgctcacactcacaacctgaagcaaccaatgcgagccaaacaataataaacaactattataatgaaacaaacatcacccaaataagtaacaccaacatccaaatggaagagagagcaagcaggggtttcaataacttaactaaagggctctgtactataaattcatggcatatatatggaaaagacaatgcagtaagaattggagagaactcagacattttagtcacaagagaaccctatgtttcatgcgacccagatgaatgcagattctatgctctcagccaagggacaacaatcagagggaaacattcaaacggaacaatacacgataggtcccagtatcgctccctgataagctggccactatcatcaccgcccacagtatacaacagcagggtggaatgcattgggtggtcaagtactagttgccatgatggcaaatccaggatgtcaatatgtatatcaggaccaaacaacaatgcatctgcagtagtctggtacaacagaagacctgttgcagaaattaacacatgggcccgaaacatactaagaacacaggaatctgaatgcgtatgccacaacggtgtatgcccagtggtgttcacagatgggtctgccactggacctgcagaaacaagaatatactacttcaaagaggggaaaatattgaaatgggaatctctgactggaactgctaagcatattgaagaatgctcatgttacggggaacgaacaggaattacttgcacatgcagagataattggcaaggctcaaatagaccagtaattcagatagatccagtggcgatgacacacactagtcagtatatatgcagccctgttctcacagacaatcctcgaccgaatgacccaaatgtaggtaagtgtaatgacccttatccaggtaataacaacaatggagtcaaagggttctcatacctggatggggttaacacttggctagggaggacaataagcacagcttcaaggtctggatacgaaatgctaaaggtgccaaatgcattgacagatgatagatcaaagcccatccaaggtcagacaatagtattaaacactgactggagtggttacagtggatctttcatagactactgggctgagggggactgctatcgagcgtgtttttacgtggagttgatacgggggagacccaaggaggataaagtgtggtggaccagcaatagcatagtatcgatgtgttccagtacagaattcctgggacaatggaactggcctgatggggctaaaatagagtacttcctctaa,1413,H3N9,N9
A/American_black_duck/New_Brunswick/03451/2009,2009,NA,EPI404588,gtcaagatgaatccaaatcagaagattctatgcacttctgccactgctattgtaataggcataattgcagtactaataggaatagcgaacttaggattgaatataggactacatctgaaaccaaactgcaactgctcacactcacaacctgaagcaaccaatgcaagccaaacaataataaacaactactataatgaaacaaacatcacccaaataagcaataccaacatccaaatggaggaaaaggcaggtagagaattcaataacttgaccaaaggactctgcactataaattcatggcacatatatgggaaagacaatgcggtaagaattggggaggactcagatgttctagtaacgagagaaccctatgtctcctgtgatccagatgagtgcaggttctatgctctcagccaaggaacaacgattagagggaaacactcaaatggaacaatacacgacagatcccagtaccgcgccctaataagctggccactgtcatcaccacccacagtgtacaacagtagagtagaatgcattggttggtcaagtactagttgccatgatggtagagccaggatgtcaatatgtatatcaggcccgaacaacaatgcatcagcagtaatctggtacaatagaaggcctgttacagaaatcaatacatgggctcgaaacatactacgtacacaagaatctgaatgcgtatgccacaacggtgtctgcccggtagtgttcacagatggatccgccactgggcctgcagaaacaagagtatactattttaaggaagggaaaatactaaaatgggaatctctgactggaactgctaaacacattgaagaatgctcatgttacggggaacaagcaggcattacttgcacgtgcagggataattggcagggctcaaacagaccagtaattcaaatagatccagtggcgatgacacatactagtcagtatatatgtagccctgttcttacagataatccccgaccgaacgacccaactgtaggtaagtgtaatgacccctacccgggaaacaacaacaatggagtcaagggattttcatacctggatggaggtaacacttggctagggaggacaataagcacagcttcaagatctggatatgagatgctaaaggtgccaaatgcattgaccgacgataggtcaaaacccacgcaaggccaaacaatcgtattaaacactgactggagtggctacagtggatccttcatggactattgggcagaaggggagtgctaccgagcgtgtttttacgtagagttaatacgcggaagacccaaggaggacaaagtatggtggaccagtaatagcatagtatcgatgtgttccagcacagaattccttggacagtggaactggcctgatggggctaaaatagagtacttcctctaagacacagaaaaaagac,1435,H3N9,N9
A/mallard/Maryland/14OS1447/2014,2014,NA,EPI735692,gtcaagatgaatccaaatcagaagattctatgcacttctgccactgctattgtaataggcataattgcagtactaataggaatagcgaacttagggttgaatataggactacatctgaaaccaaactgcaactgctcacattcacaacctgaagcaaccaatgcaagccaaacaataataaacaactactataatgaaacaaacatcacccaaataagtaataccaacatccaaatggaggaaaaggcaggtagagaattcaataacttgaccaaaggactctgcactataaattcatggcacatatatggaaaagacaatgcggtaagaattggggaggactcagatgttctagtaacgagagaaccttatgtctcctgtgatccaaatgagtgcaggttctatgctctcagccaaggaacaacgattagaggaaagcactcaaatggaacaatacacgacagatcccagtaccgtgccctgataagctggccactgtcatcaccacccacagtgtacaacagtagggtagaatgcattggttggtcaagtactagttgccatgatggtagagccaggatgtcaatatgtatatcaggcccgaacaacaatgcatcagcagtaatctggtacaatagaaggcctgttacagaaatcaatacatgggctcgaaacatactacgtacacaagaatctgaatgcgtatgccacaacggagtctgcccggtagtattcacagatgggtccgccactggacccgcagaaacacgagtatactattttaaggaagggaaaatactaaaatgggaatttctgactggaactgctaaacacattgaagaatgctcatgctacggggaacaagcaggtattacctgcacgtgcagggataattggcagggctcaaacagaccagtaattcaaatagatccagtggcgatgacacatactagtcagtatatatgtagccctgttcttacagacaatccccgaccgaacgacccaactgtaggtaagtgtaatgacccctacccgggaaacaacaacaatggagtcaagggattttcatacctagatggaggcaacacttggctagggagaacaataagcacagcttcaagatctggatatgagatgttaaaggtgccaaatgcattgaccgacgataggtcaaaacccacgcaaggccaaacaatcgtattaaacactgactggagtggctacagtggatccttcatggactattgggcagaaggggaatgctaccgagcgtgtttttacgtagagttaatacgcggaagacccaaggaggacaaagtatggtggaccagtaatagcatagtatcgatgtgttccagcacagaattccttggacaatgggactggcctgatggggctaaaatagagtacttcctctaagacacagaaaaaagac,1435,H3N9,N9
A/American_green-winged_teal/Texas/AI09-4396/2009,2009,NA,EPI449973,gatgaatccaaatcagaagattctatgcacttctgccactgctattgtaataggcacgattgcagtactcataggaatagcaaacctaggactgaacataggactacatctgaaaccaaactgcaactgctcacactcacaatctgaaacaaccaatgcaagccaaacaataataaacaactactataacgaaacaaacatcacccaaataagcaacaccaacatccaaatggaagagaaagcaaatagagaattcaataacttgaccaaaggactctgcactataaattcatggcacatctatgggaaagacaatgcagtaaggattggggagaactcagatgttctagtaacgagagaaccctatgtctcctgtgatccagatgagtgcaggttctatgctctcagccaaggaacaacgattagagggaaacactcaaatggaacaatacacgatagatcccagtaccgtgccctgataagctggccactgtcatcaccacccacagtatacaacagcaggatagaatgcattggttggtcaagtactagctgtcatgatggtagagccaggatgtcaatatgtatatcaggcccaaacaacaatgcgtcagcagtaatttggtacaatagaagacctgttacagaaatcaatacatgggcccgaaacatactacggacacaagaatctgaatgcgtatgccacaatggtgtctgcccggtagtattcacagatgggtctgccactggacctgcagaaacaagagtatactatttcaaagaagggaaaatactaaaatgggaacctctaactgggactgctaaacacattgaagaatgctcatgctatggggtgcaggcaggtattacttgcacgtgcagggataattggcagggttcaaatagaccagtaattcaaatagatccagtggcaatgacacatactagtcaatatatatgtagccccgttcttacagataacccccggccgaacgacccagcagtaggtaagtgtaatgacccttacccaggaaataacaacaatggagtcaaaggattttcatacctggatggaggtaatacttggctaggaagaacaataagcacagcttctagatcaggatatgagatgctaaaggtgccaaatgcattgaccgacgataggtcaaaacccacccaaggccaaacaattgtattaaacactgactggagtggctacagtgggtccttcatggactattgggctgagggggagtgctaccgagcgtgtttttacgtggagttaatacgcggaaggcccaaggaggacaaagtatggtggaccagtaatagtatagtatcaatgtgttccagcacagaattccttggacaatggaactggcctgatggggctaaaatagagtacttcctctaagacacaga,1422,H3N9,N9
